图片,检出目标数,obstacle,cola,football
image_rgb_20260727_094542.jpg,2,0,0,2
image_rgb_20260727_094928.jpg,1,0,0,1
image_rgb_20260727_095007.jpg,2,0,0,2
image_rgb_20260727_095106.jpg,2,0,0,2
image_rgb_20260727_095135.jpg,1,0,0,1
image_rgb_20260727_095144.jpg,1,0,0,1
image_rgb_20260727_095237.jpg,2,0,0,2
image_rgb_20260727_095415.jpg,1,0,0,1
image_rgb_20260727_095750.jpg,1,0,0,1
image_rgb_20260727_101120.jpg,2,1,0,1
image_rgb_20260727_101321.jpg,1,0,0,1
image_rgb_20260727_101340.jpg,1,0,0,1
image_rgb_20260727_101404.jpg,1,0,0,1
image_rgb_20260727_101529.jpg,1,0,0,1
image_rgb_20260727_101642.jpg,1,0,0,1
image_rgb_20260727_102058.jpg,5,4,0,1
image_rgb_20260727_102126.jpg,6,5,0,1
image_rgb_20260727_102247.jpg,6,5,0,1
image_rgb_20260727_102307.jpg,7,6,0,1
image_rgb_20260727_102416.jpg,6,5,0,1
image_rgb_20260727_102514.jpg,4,3,0,1
image_rgb_20260727_102619.jpg,5,4,0,1
image_rgb_20260727_102654.jpg,7,6,0,1
image_rgb_20260727_102736.jpg,6,5,0,1
image_rgb_20260727_102808.jpg,7,7,0,0
image_rgb_20260727_103417.jpg,3,2,0,1
image_rgb_20260727_103450.jpg,3,2,0,1
image_rgb_20260727_103704.jpg,9,8,0,1
image_rgb_20260727_103917.jpg,4,3,0,1
image_rgb_20260727_103944.jpg,2,1,0,1
image_rgb_20260727_104001.jpg,2,0,0,2
image_rgb_20260727_104109.jpg,2,1,0,1
image_rgb_20260727_104117.jpg,4,3,0,1
image_rgb_20260727_104418.jpg,3,2,0,1
image_rgb_20260727_104455.jpg,3,2,0,1
image_rgb_20260727_115142.jpg,2,1,0,1
image_rgb_20260727_115148.jpg,1,1,0,0
image_rgb_20260727_115240.jpg,5,4,0,1
image_rgb_20260727_115410.jpg,5,5,0,0
image_rgb_20260727_115444.jpg,2,1,0,1
image_rgb_20260727_115623.jpg,3,2,0,1
image_rgb_20260727_115737.jpg,1,0,0,1
image_rgb_20260727_120134.jpg,3,2,0,1
image_rgb_20260727_143413.jpg,5,5,0,0
image_rgb_20260727_143650.jpg,5,5,0,0
image_rgb_20260727_152232.jpg,1,0,1,0
image_rgb_20260727_152616.jpg,1,0,1,0
image_rgb_20260727_152700.jpg,2,0,1,1
image_rgb_20260727_162703.jpg,1,0,1,0
image_rgb_20260727_162910.jpg,1,0,1,0
image_rgb_20260727_163138.jpg,2,0,1,1
image_rgb_20260727_163222.jpg,1,0,1,0
image_rgb_20260727_163624.jpg,1,0,1,0
image_rgb_20260727_163633.jpg,1,0,1,0
image_rgb_20260727_163712.jpg,1,0,1,0
image_rgb_20260727_163809.jpg,1,0,1,0
image_rgb_20260727_163826.jpg,1,0,1,0
image_rgb_20260727_163914.jpg,1,0,1,0
image_rgb_20260727_171333.jpg,6,5,1,0
image_rgb_20260727_171440.jpg,5,4,1,0
image_rgb_20260727_171500.jpg,6,5,0,1
image_rgb_20260727_175018.jpg,6,5,0,1
image_rgb_20260727_175317.jpg,8,7,1,0
image_rgb_20260727_175355.jpg,6,5,0,1
image_rgb_20260727_175609.jpg,5,3,1,1
image_rgb_20260727_180320.jpg,4,2,1,1
image_rgb_20260727_180433.jpg,6,5,0,1
image_rgb_20260727_180545.jpg,8,7,1,0
image_rgb_20260728_085854.jpg,3,1,1,1
image_rgb_20260728_085923.jpg,4,2,1,1
image_rgb_20260728_085930.jpg,3,1,1,1
image_rgb_20260728_090122.jpg,2,0,1,1
image_rgb_20260728_090636.jpg,2,0,1,1
image_rgb_20260728_093329.jpg,1,0,1,0
image_rgb_20260728_094232.jpg,3,1,1,1
image_rgb_20260728_094325.jpg,4,2,1,1
image_rgb_20260728_094357.jpg,3,2,1,0
image_rgb_20260728_094542.jpg,2,1,1,0
image_rgb_20260728_094558.jpg,3,1,1,1
image_rgb_20260728_094821.jpg,3,1,1,1
image_rgb_20260728_094842.jpg,5,3,1,1
image_rgb_20260728_094927.jpg,4,2,1,1
image_rgb_20260728_095404.jpg,5,3,1,1
image_rgb_20260728_100842.jpg,5,4,0,1
image_rgb_20260728_101011.jpg,4,3,0,1
image_rgb_20260728_101354.jpg,3,2,0,1
image_rgb_20260728_101545.jpg,5,4,0,1
image_rgb_20260728_102221.jpg,6,5,0,1
image_rgb_20260728_102239.jpg,6,6,0,0
image_rgb_20260728_102343.jpg,7,6,0,1
image_rgb_20260728_102608.jpg,5,5,0,0
image_rgb_20260728_102732.jpg,5,5,0,0
image_rgb_20260728_103759.jpg,8,8,0,0
image_rgb_20260728_104306.jpg,8,7,0,1
