class,split,new_name,source
obstacle,train,obstacle_train_00000.jpg,D:\YOLO\raw\obstacle\image_20260725_142038.jpg
obstacle,train,obstacle_train_00001.jpg,D:\YOLO\raw\obstacle\image_left_20260726_184330.jpg
obstacle,train,obstacle_train_00002.jpg,D:\YOLO\raw\obstacle\image_rgb_20260725_110930.jpg
obstacle,train,obstacle_train_00003.jpg,D:\YOLO\raw\obstacle\image_rgb_20260725_142227.jpg
obstacle,train,obstacle_train_00004.jpg,D:\YOLO\raw\obstacle\image_rgb_20260727_141609.jpg
obstacle,train,obstacle_train_00005.jpg,D:\YOLO\raw\obstacle\image_rgb_20260727_142021.jpg
obstacle,train,obstacle_train_00006.jpg,D:\YOLO\raw\obstacle\image_rgb_20260727_142915.jpg
obstacle,train,obstacle_train_00007.jpg,D:\YOLO\raw\obstacle\image_rgb_20260727_142941.jpg
obstacle,train,obstacle_train_00008.jpg,D:\YOLO\raw\obstacle\image_rgb_20260727_143003.jpg
obstacle,train,obstacle_train_00009.jpg,D:\YOLO\raw\obstacle\image_rgb_20260727_143017.jpg
obstacle,train,obstacle_train_00010.jpg,D:\YOLO\raw\obstacle\image_rgb_20260727_143121.jpg
obstacle,train,obstacle_train_00011.jpg,D:\YOLO\raw\obstacle\image_rgb_20260727_143136.jpg
obstacle,train,obstacle_train_00012.jpg,D:\YOLO\raw\obstacle\image_rgb_20260727_143320.jpg
obstacle,train,obstacle_train_00013.jpg,D:\YOLO\raw\obstacle\image_rgb_20260727_143338.jpg
obstacle,train,obstacle_train_00014.jpg,D:\YOLO\raw\obstacle\image_rgb_20260727_143353.jpg
obstacle,train,obstacle_train_00015.jpg,D:\YOLO\raw\obstacle\image_rgb_20260727_143413.jpg
obstacle,train,obstacle_train_00016.jpg,D:\YOLO\raw\obstacle\image_rgb_20260727_143434.jpg
obstacle,train,obstacle_train_00017.jpg,D:\YOLO\raw\obstacle\image_rgb_20260727_143452.jpg
obstacle,train,obstacle_train_00018.jpg,D:\YOLO\raw\obstacle\image_rgb_20260727_143511.jpg
obstacle,train,obstacle_train_00019.jpg,D:\YOLO\raw\obstacle\image_rgb_20260727_143555.jpg
obstacle,train,obstacle_train_00020.jpg,D:\YOLO\raw\obstacle\image_rgb_20260727_143613.jpg
obstacle,train,obstacle_train_00021.jpg,D:\YOLO\raw\obstacle\image_rgb_20260727_143634.jpg
obstacle,train,obstacle_train_00022.jpg,D:\YOLO\raw\obstacle\image_rgb_20260727_143650.jpg
obstacle,train,obstacle_train_00023.jpg,D:\YOLO\raw\obstacle\image_rgb_20260727_143708.jpg
obstacle,train,obstacle_train_00024.jpg,D:\YOLO\raw\obstacle\image_rgb_20260727_143721.jpg
obstacle,train,obstacle_train_00025.jpg,D:\YOLO\raw\obstacle\image_rgb_20260727_143749.jpg
obstacle,train,obstacle_train_00026.jpg,D:\YOLO\raw\obstacle\image_rgb_20260727_143815.jpg
obstacle,train,obstacle_train_00027.jpg,D:\YOLO\raw\obstacle\image_rgb_20260727_143837.jpg
obstacle,train,obstacle_train_00028.jpg,D:\YOLO\raw\obstacle\image_rgb_20260727_143901.jpg
obstacle,train,obstacle_train_00029.jpg,D:\YOLO\raw\obstacle\image_rgb_20260727_143942.jpg
obstacle,train,obstacle_train_00030.jpg,D:\YOLO\raw\obstacle\image_rgb_20260727_144121.jpg
obstacle,train,obstacle_train_00031.jpg,D:\YOLO\raw\obstacle\image_rgb_20260727_144140.jpg
obstacle,train,obstacle_train_00032.jpg,D:\YOLO\raw\obstacle\image_rgb_20260727_144250.jpg
obstacle,train,obstacle_train_00033.jpg,D:\YOLO\raw\obstacle\image_rgb_20260727_144315.jpg
obstacle,train,obstacle_train_00034.jpg,D:\YOLO\raw\obstacle\image_rgb_20260727_144415.jpg
obstacle,train,obstacle_train_00035.jpg,D:\YOLO\raw\obstacle\image_rgb_20260727_144539.jpg
obstacle,train,obstacle_train_00036.jpg,D:\YOLO\raw\obstacle\image_rgb_20260727_144554.jpg
obstacle,train,obstacle_train_00037.jpg,D:\YOLO\raw\obstacle\image_rgb_20260727_144643.jpg
obstacle,train,obstacle_train_00038.jpg,D:\YOLO\raw\obstacle\image_rgb_20260727_144707.jpg
obstacle,train,obstacle_train_00039.jpg,D:\YOLO\raw\obstacle\image_rgb_20260727_144733.jpg
obstacle,train,obstacle_train_00040.jpg,D:\YOLO\raw\obstacle\image_rgb_20260727_144747.jpg
obstacle,train,obstacle_train_00041.jpg,D:\YOLO\raw\obstacle\image_rgb_20260727_144804.jpg
obstacle,train,obstacle_train_00042.jpg,D:\YOLO\raw\obstacle\image_rgb_20260727_144828.jpg
obstacle,train,obstacle_train_00043.jpg,D:\YOLO\raw\obstacle\image_rgb_20260727_144854.jpg
obstacle,train,obstacle_train_00044.jpg,D:\YOLO\raw\obstacle\image_rgb_20260727_144918.jpg
obstacle,train,obstacle_train_00045.jpg,D:\YOLO\raw\obstacle\image_rgb_20260727_144933.jpg
obstacle,train,obstacle_train_00046.jpg,D:\YOLO\raw\obstacle\image_rgb_20260727_144953.jpg
obstacle,train,obstacle_train_00047.jpg,D:\YOLO\raw\obstacle\image_rgb_20260727_145007.jpg
obstacle,train,obstacle_train_00048.jpg,D:\YOLO\raw\obstacle\image_rgb_20260727_145114.jpg
obstacle,train,obstacle_train_00049.jpg,D:\YOLO\raw\obstacle\image_rgb_20260727_145135.jpg
obstacle,train,obstacle_train_00050.jpg,D:\YOLO\raw\obstacle\image_rgb_20260727_145152.jpg
obstacle,train,obstacle_train_00051.jpg,D:\YOLO\raw\obstacle\image_rgb_20260727_145208.jpg
obstacle,train,obstacle_train_00052.jpg,D:\YOLO\raw\obstacle\image_rgb_20260727_145220.jpg
obstacle,train,obstacle_train_00053.jpg,D:\YOLO\raw\obstacle\image_rgb_20260727_145239.jpg
obstacle,train,obstacle_train_00054.jpg,D:\YOLO\raw\obstacle\image_rgb_20260727_145801.jpg
obstacle,train,obstacle_train_00055.jpg,D:\YOLO\raw\obstacle\image_rgb_20260727_171024.jpg
obstacle,train,obstacle_train_00056.jpg,D:\YOLO\raw\obstacle\image_rgb_20260727_171048.jpg
obstacle,train,obstacle_train_00057.jpg,D:\YOLO\raw\obstacle\image_rgb_20260727_171116.jpg
obstacle,train,obstacle_train_00058.jpg,D:\YOLO\raw\obstacle\image_rgb_20260727_171130.jpg
obstacle,train,obstacle_train_00059.jpg,D:\YOLO\raw\obstacle\image_rgb_20260727_171146.jpg
obstacle,train,obstacle_train_00060.jpg,D:\YOLO\raw\obstacle\image_rgb_20260727_171159.jpg
obstacle,train,obstacle_train_00061.jpg,D:\YOLO\raw\obstacle\image_rgb_20260727_171212.jpg
obstacle,train,obstacle_train_00062.jpg,D:\YOLO\raw\obstacle\image_rgb_20260727_171227.jpg
obstacle,train,obstacle_train_00063.jpg,D:\YOLO\raw\obstacle\image_rgb_20260727_171333.jpg
obstacle,train,obstacle_train_00064.jpg,D:\YOLO\raw\obstacle\image_rgb_20260727_171348.jpg
obstacle,train,obstacle_train_00065.jpg,D:\YOLO\raw\obstacle\image_rgb_20260727_171405.jpg
obstacle,train,obstacle_train_00066.jpg,D:\YOLO\raw\obstacle\image_rgb_20260727_171418.jpg
obstacle,train,obstacle_train_00067.jpg,D:\YOLO\raw\obstacle\image_rgb_20260727_171427.jpg
obstacle,train,obstacle_train_00068.jpg,D:\YOLO\raw\obstacle\image_rgb_20260727_171440.jpg
obstacle,train,obstacle_train_00069.jpg,D:\YOLO\raw\obstacle\image_rgb_20260727_171500.jpg
obstacle,train,obstacle_train_00070.jpg,D:\YOLO\raw\obstacle\image_rgb_20260727_174945.jpg
obstacle,train,obstacle_train_00071.jpg,D:\YOLO\raw\obstacle\image_rgb_20260727_175006.jpg
obstacle,train,obstacle_train_00072.jpg,D:\YOLO\raw\obstacle\image_rgb_20260727_175018.jpg
obstacle,train,obstacle_train_00073.jpg,D:\YOLO\raw\obstacle\image_rgb_20260727_175035.jpg
obstacle,train,obstacle_train_00074.jpg,D:\YOLO\raw\obstacle\image_rgb_20260727_175047.jpg
obstacle,train,obstacle_train_00075.jpg,D:\YOLO\raw\obstacle\image_rgb_20260727_175059.jpg
obstacle,train,obstacle_train_00076.jpg,D:\YOLO\raw\obstacle\image_rgb_20260727_175114.jpg
obstacle,train,obstacle_train_00077.jpg,D:\YOLO\raw\obstacle\image_rgb_20260727_175129.jpg
obstacle,train,obstacle_train_00078.jpg,D:\YOLO\raw\obstacle\image_rgb_20260727_175146.jpg
obstacle,train,obstacle_train_00079.jpg,D:\YOLO\raw\obstacle\image_rgb_20260727_175222.jpg
obstacle,train,obstacle_train_00080.jpg,D:\YOLO\raw\obstacle\image_rgb_20260727_175234.jpg
obstacle,train,obstacle_train_00081.jpg,D:\YOLO\raw\obstacle\image_rgb_20260727_175251.jpg
obstacle,train,obstacle_train_00082.jpg,D:\YOLO\raw\obstacle\image_rgb_20260727_175303.jpg
obstacle,train,obstacle_train_00083.jpg,D:\YOLO\raw\obstacle\image_rgb_20260727_175317.jpg
obstacle,train,obstacle_train_00084.jpg,D:\YOLO\raw\obstacle\image_rgb_20260727_175329.jpg
obstacle,train,obstacle_train_00085.jpg,D:\YOLO\raw\obstacle\image_rgb_20260727_175344.jpg
obstacle,train,obstacle_train_00086.jpg,D:\YOLO\raw\obstacle\image_rgb_20260727_175355.jpg
obstacle,train,obstacle_train_00087.jpg,D:\YOLO\raw\obstacle\image_rgb_20260727_175407.jpg
obstacle,train,obstacle_train_00088.jpg,D:\YOLO\raw\obstacle\image_rgb_20260727_175417.jpg
obstacle,train,obstacle_train_00089.jpg,D:\YOLO\raw\obstacle\image_rgb_20260727_175430.jpg
obstacle,train,obstacle_train_00090.jpg,D:\YOLO\raw\obstacle\image_rgb_20260727_175442.jpg
obstacle,train,obstacle_train_00091.jpg,D:\YOLO\raw\obstacle\image_rgb_20260727_175457.jpg
obstacle,train,obstacle_train_00092.jpg,D:\YOLO\raw\obstacle\image_rgb_20260727_175508.jpg
obstacle,train,obstacle_train_00093.jpg,D:\YOLO\raw\obstacle\image_rgb_20260727_175518.jpg
obstacle,train,obstacle_train_00094.jpg,D:\YOLO\raw\obstacle\image_rgb_20260727_175530.jpg
obstacle,train,obstacle_train_00095.jpg,D:\YOLO\raw\obstacle\image_rgb_20260727_175547.jpg
obstacle,train,obstacle_train_00096.jpg,D:\YOLO\raw\obstacle\image_rgb_20260727_175600.jpg
obstacle,train,obstacle_train_00097.jpg,D:\YOLO\raw\obstacle\image_rgb_20260727_175609.jpg
obstacle,train,obstacle_train_00098.jpg,D:\YOLO\raw\obstacle\image_rgb_20260727_175619.jpg
obstacle,train,obstacle_train_00099.jpg,D:\YOLO\raw\obstacle\image_rgb_20260727_175633.jpg
obstacle,train,obstacle_train_00100.jpg,D:\YOLO\raw\obstacle\image_rgb_20260727_175642.jpg
obstacle,train,obstacle_train_00101.jpg,D:\YOLO\raw\obstacle\image_rgb_20260727_175652.jpg
obstacle,train,obstacle_train_00102.jpg,D:\YOLO\raw\obstacle\image_rgb_20260727_175704.jpg
obstacle,train,obstacle_train_00103.jpg,D:\YOLO\raw\obstacle\image_rgb_20260727_175719.jpg
obstacle,train,obstacle_train_00104.jpg,D:\YOLO\raw\obstacle\image_rgb_20260727_175738.jpg
obstacle,train,obstacle_train_00105.jpg,D:\YOLO\raw\obstacle\image_rgb_20260727_175749.jpg
obstacle,train,obstacle_train_00106.jpg,D:\YOLO\raw\obstacle\image_rgb_20260727_175804.jpg
obstacle,train,obstacle_train_00107.jpg,D:\YOLO\raw\obstacle\image_rgb_20260727_175813.jpg
obstacle,train,obstacle_train_00108.jpg,D:\YOLO\raw\obstacle\image_rgb_20260727_175825.jpg
obstacle,train,obstacle_train_00109.jpg,D:\YOLO\raw\obstacle\image_rgb_20260727_175837.jpg
obstacle,train,obstacle_train_00110.jpg,D:\YOLO\raw\obstacle\image_rgb_20260727_175848.jpg
obstacle,train,obstacle_train_00111.jpg,D:\YOLO\raw\obstacle\image_rgb_20260727_175903.jpg
obstacle,train,obstacle_train_00112.jpg,D:\YOLO\raw\obstacle\image_rgb_20260727_175914.jpg
obstacle,train,obstacle_train_00113.jpg,D:\YOLO\raw\obstacle\image_rgb_20260727_175925.jpg
obstacle,train,obstacle_train_00114.jpg,D:\YOLO\raw\obstacle\image_rgb_20260727_175934.jpg
obstacle,train,obstacle_train_00115.jpg,D:\YOLO\raw\obstacle\image_rgb_20260727_180005.jpg
obstacle,train,obstacle_train_00116.jpg,D:\YOLO\raw\obstacle\image_rgb_20260727_180015.jpg
obstacle,train,obstacle_train_00117.jpg,D:\YOLO\raw\obstacle\image_rgb_20260727_180048.jpg
obstacle,train,obstacle_train_00118.jpg,D:\YOLO\raw\obstacle\image_rgb_20260727_180102.jpg
obstacle,train,obstacle_train_00119.jpg,D:\YOLO\raw\obstacle\image_rgb_20260727_180113.jpg
obstacle,train,obstacle_train_00120.jpg,D:\YOLO\raw\obstacle\image_rgb_20260727_180142.jpg
obstacle,train,obstacle_train_00121.jpg,D:\YOLO\raw\obstacle\image_rgb_20260727_180155.jpg
obstacle,train,obstacle_train_00122.jpg,D:\YOLO\raw\obstacle\image_rgb_20260727_180204.jpg
obstacle,train,obstacle_train_00123.jpg,D:\YOLO\raw\obstacle\image_rgb_20260727_180219.jpg
obstacle,train,obstacle_train_00124.jpg,D:\YOLO\raw\obstacle\image_rgb_20260727_180228.jpg
obstacle,train,obstacle_train_00125.jpg,D:\YOLO\raw\obstacle\image_rgb_20260727_180243.jpg
obstacle,train,obstacle_train_00126.jpg,D:\YOLO\raw\obstacle\image_rgb_20260727_180253.jpg
obstacle,train,obstacle_train_00127.jpg,D:\YOLO\raw\obstacle\image_rgb_20260727_180304.jpg
obstacle,train,obstacle_train_00128.jpg,D:\YOLO\raw\obstacle\image_rgb_20260727_180312.jpg
obstacle,train,obstacle_train_00129.jpg,D:\YOLO\raw\obstacle\image_rgb_20260727_180320.jpg
obstacle,train,obstacle_train_00130.jpg,D:\YOLO\raw\obstacle\image_rgb_20260727_180329.jpg
obstacle,train,obstacle_train_00131.jpg,D:\YOLO\raw\obstacle\image_rgb_20260727_180349.jpg
obstacle,train,obstacle_train_00132.jpg,D:\YOLO\raw\obstacle\image_rgb_20260727_180357.jpg
obstacle,train,obstacle_train_00133.jpg,D:\YOLO\raw\obstacle\image_rgb_20260727_180404.jpg
obstacle,train,obstacle_train_00134.jpg,D:\YOLO\raw\obstacle\image_rgb_20260727_180413.jpg
obstacle,train,obstacle_train_00135.jpg,D:\YOLO\raw\obstacle\image_rgb_20260727_180433.jpg
obstacle,train,obstacle_train_00136.jpg,D:\YOLO\raw\obstacle\image_rgb_20260727_180457.jpg
obstacle,train,obstacle_train_00137.jpg,D:\YOLO\raw\obstacle\image_rgb_20260727_180508.jpg
obstacle,train,obstacle_train_00138.jpg,D:\YOLO\raw\obstacle\image_rgb_20260727_180521.jpg
obstacle,train,obstacle_train_00139.jpg,D:\YOLO\raw\obstacle\image_rgb_20260727_180534.jpg
obstacle,train,obstacle_train_00140.jpg,D:\YOLO\raw\obstacle\image_rgb_20260727_180545.jpg
obstacle,train,obstacle_train_00141.jpg,D:\YOLO\raw\obstacle\image_rgb_20260727_180557.jpg
obstacle,train,obstacle_train_00142.jpg,D:\YOLO\raw\obstacle\image_rgb_20260728_100635.jpg
obstacle,train,obstacle_train_00143.jpg,D:\YOLO\raw\obstacle\image_rgb_20260728_100746.jpg
obstacle,train,obstacle_train_00144.jpg,D:\YOLO\raw\obstacle\image_rgb_20260728_100804.jpg
obstacle,train,obstacle_train_00145.jpg,D:\YOLO\raw\obstacle\image_rgb_20260728_100814.jpg
obstacle,train,obstacle_train_00146.jpg,D:\YOLO\raw\obstacle\image_rgb_20260728_100823.jpg
obstacle,train,obstacle_train_00147.jpg,D:\YOLO\raw\obstacle\image_rgb_20260728_100834.jpg
obstacle,train,obstacle_train_00148.jpg,D:\YOLO\raw\obstacle\image_rgb_20260728_100842.jpg
obstacle,train,obstacle_train_00149.jpg,D:\YOLO\raw\obstacle\image_rgb_20260728_100856.jpg
obstacle,train,obstacle_train_00150.jpg,D:\YOLO\raw\obstacle\image_rgb_20260728_100921.jpg
obstacle,train,obstacle_train_00151.jpg,D:\YOLO\raw\obstacle\image_rgb_20260728_100940.jpg
obstacle,train,obstacle_train_00152.jpg,D:\YOLO\raw\obstacle\image_rgb_20260728_100950.jpg
obstacle,train,obstacle_train_00153.jpg,D:\YOLO\raw\obstacle\image_rgb_20260728_100959.jpg
obstacle,train,obstacle_train_00154.jpg,D:\YOLO\raw\obstacle\image_rgb_20260728_101011.jpg
obstacle,train,obstacle_train_00155.jpg,D:\YOLO\raw\obstacle\image_rgb_20260728_101021.jpg
obstacle,train,obstacle_train_00156.jpg,D:\YOLO\raw\obstacle\image_rgb_20260728_101028.jpg
obstacle,train,obstacle_train_00157.jpg,D:\YOLO\raw\obstacle\image_rgb_20260728_101243.jpg
obstacle,train,obstacle_train_00158.jpg,D:\YOLO\raw\obstacle\image_rgb_20260728_101257.jpg
obstacle,train,obstacle_train_00159.jpg,D:\YOLO\raw\obstacle\image_rgb_20260728_101307.jpg
obstacle,train,obstacle_train_00160.jpg,D:\YOLO\raw\obstacle\image_rgb_20260728_101319.jpg
obstacle,train,obstacle_train_00161.jpg,D:\YOLO\raw\obstacle\image_rgb_20260728_101336.jpg
obstacle,train,obstacle_train_00162.jpg,D:\YOLO\raw\obstacle\image_rgb_20260728_101345.jpg
obstacle,train,obstacle_train_00163.jpg,D:\YOLO\raw\obstacle\image_rgb_20260728_101354.jpg
obstacle,train,obstacle_train_00164.jpg,D:\YOLO\raw\obstacle\image_rgb_20260728_101451.jpg
obstacle,train,obstacle_train_00165.jpg,D:\YOLO\raw\obstacle\image_rgb_20260728_101519.jpg
obstacle,train,obstacle_train_00166.jpg,D:\YOLO\raw\obstacle\image_rgb_20260728_101534.jpg
obstacle,train,obstacle_train_00167.jpg,D:\YOLO\raw\obstacle\image_rgb_20260728_101545.jpg
obstacle,train,obstacle_train_00168.jpg,D:\YOLO\raw\obstacle\image_rgb_20260728_101639.jpg
obstacle,train,obstacle_train_00169.jpg,D:\YOLO\raw\obstacle\image_rgb_20260728_101653.jpg
obstacle,train,obstacle_train_00170.jpg,D:\YOLO\raw\obstacle\image_rgb_20260728_101702.jpg
obstacle,train,obstacle_train_00171.jpg,D:\YOLO\raw\obstacle\image_rgb_20260728_101725.jpg
obstacle,train,obstacle_train_00172.jpg,D:\YOLO\raw\obstacle\image_rgb_20260728_101732.jpg
obstacle,train,obstacle_train_00173.jpg,D:\YOLO\raw\obstacle\image_rgb_20260728_101740.jpg
obstacle,train,obstacle_train_00174.jpg,D:\YOLO\raw\obstacle\image_rgb_20260728_101751.jpg
obstacle,train,obstacle_train_00175.jpg,D:\YOLO\raw\obstacle\image_rgb_20260728_101800.jpg
obstacle,train,obstacle_train_00176.jpg,D:\YOLO\raw\obstacle\image_rgb_20260728_101812.jpg
obstacle,train,obstacle_train_00177.jpg,D:\YOLO\raw\obstacle\image_rgb_20260728_101822.jpg
obstacle,train,obstacle_train_00178.jpg,D:\YOLO\raw\obstacle\image_rgb_20260728_101833.jpg
obstacle,train,obstacle_train_00179.jpg,D:\YOLO\raw\obstacle\image_rgb_20260728_101841.jpg
obstacle,train,obstacle_train_00180.jpg,D:\YOLO\raw\obstacle\image_rgb_20260728_101850.jpg
obstacle,train,obstacle_train_00181.jpg,D:\YOLO\raw\obstacle\image_rgb_20260728_101900.jpg
obstacle,train,obstacle_train_00182.jpg,D:\YOLO\raw\obstacle\image_rgb_20260728_101909.jpg
obstacle,train,obstacle_train_00183.jpg,D:\YOLO\raw\obstacle\image_rgb_20260728_101919.jpg
obstacle,train,obstacle_train_00184.jpg,D:\YOLO\raw\obstacle\image_rgb_20260728_101933.jpg
obstacle,train,obstacle_train_00185.jpg,D:\YOLO\raw\obstacle\image_rgb_20260728_101942.jpg
obstacle,train,obstacle_train_00186.jpg,D:\YOLO\raw\obstacle\image_rgb_20260728_102017.jpg
obstacle,train,obstacle_train_00187.jpg,D:\YOLO\raw\obstacle\image_rgb_20260728_102112.jpg
obstacle,train,obstacle_train_00188.jpg,D:\YOLO\raw\obstacle\image_rgb_20260728_102126.jpg
obstacle,train,obstacle_train_00189.jpg,D:\YOLO\raw\obstacle\image_rgb_20260728_102141.jpg
obstacle,train,obstacle_train_00190.jpg,D:\YOLO\raw\obstacle\image_rgb_20260728_102154.jpg
obstacle,train,obstacle_train_00191.jpg,D:\YOLO\raw\obstacle\image_rgb_20260728_102202.jpg
obstacle,train,obstacle_train_00192.jpg,D:\YOLO\raw\obstacle\image_rgb_20260728_102210.jpg
obstacle,train,obstacle_train_00193.jpg,D:\YOLO\raw\obstacle\image_rgb_20260728_102221.jpg
obstacle,train,obstacle_train_00194.jpg,D:\YOLO\raw\obstacle\image_rgb_20260728_102229.jpg
obstacle,train,obstacle_train_00195.jpg,D:\YOLO\raw\obstacle\image_rgb_20260728_102239.jpg
obstacle,train,obstacle_train_00196.jpg,D:\YOLO\raw\obstacle\image_rgb_20260728_102246.jpg
obstacle,train,obstacle_train_00197.jpg,D:\YOLO\raw\obstacle\image_rgb_20260728_102255.jpg
obstacle,train,obstacle_train_00198.jpg,D:\YOLO\raw\obstacle\image_rgb_20260728_102306.jpg
obstacle,train,obstacle_train_00199.jpg,D:\YOLO\raw\obstacle\image_rgb_20260728_102315.jpg
obstacle,train,obstacle_train_00200.jpg,D:\YOLO\raw\obstacle\image_rgb_20260728_102323.jpg
obstacle,train,obstacle_train_00201.jpg,D:\YOLO\raw\obstacle\image_rgb_20260728_102332.jpg
obstacle,train,obstacle_train_00202.jpg,D:\YOLO\raw\obstacle\image_rgb_20260728_102343.jpg
obstacle,train,obstacle_train_00203.jpg,D:\YOLO\raw\obstacle\image_rgb_20260728_102351.jpg
obstacle,train,obstacle_train_00204.jpg,D:\YOLO\raw\obstacle\image_rgb_20260728_102400.jpg
obstacle,train,obstacle_train_00205.jpg,D:\YOLO\raw\obstacle\image_rgb_20260728_102408.jpg
obstacle,train,obstacle_train_00206.jpg,D:\YOLO\raw\obstacle\image_rgb_20260728_102417.jpg
obstacle,train,obstacle_train_00207.jpg,D:\YOLO\raw\obstacle\image_rgb_20260728_102429.jpg
obstacle,train,obstacle_train_00208.jpg,D:\YOLO\raw\obstacle\image_rgb_20260728_102444.jpg
obstacle,train,obstacle_train_00209.jpg,D:\YOLO\raw\obstacle\image_rgb_20260728_102455.jpg
obstacle,train,obstacle_train_00210.jpg,D:\YOLO\raw\obstacle\image_rgb_20260728_102506.jpg
obstacle,train,obstacle_train_00211.jpg,D:\YOLO\raw\obstacle\image_rgb_20260728_102516.jpg
obstacle,train,obstacle_train_00212.jpg,D:\YOLO\raw\obstacle\image_rgb_20260728_102529.jpg
obstacle,train,obstacle_train_00213.jpg,D:\YOLO\raw\obstacle\image_rgb_20260728_102538.jpg
obstacle,train,obstacle_train_00214.jpg,D:\YOLO\raw\obstacle\image_rgb_20260728_102546.jpg
obstacle,train,obstacle_train_00215.jpg,D:\YOLO\raw\obstacle\image_rgb_20260728_102558.jpg
obstacle,train,obstacle_train_00216.jpg,D:\YOLO\raw\obstacle\image_rgb_20260728_102608.jpg
obstacle,train,obstacle_train_00217.jpg,D:\YOLO\raw\obstacle\image_rgb_20260728_102624.jpg
obstacle,train,obstacle_train_00218.jpg,D:\YOLO\raw\obstacle\image_rgb_20260728_102634.jpg
obstacle,train,obstacle_train_00219.jpg,D:\YOLO\raw\obstacle\image_rgb_20260728_102647.jpg
obstacle,train,obstacle_train_00220.jpg,D:\YOLO\raw\obstacle\image_rgb_20260728_102655.jpg
obstacle,train,obstacle_train_00221.jpg,D:\YOLO\raw\obstacle\image_rgb_20260728_102704.jpg
obstacle,train,obstacle_train_00222.jpg,D:\YOLO\raw\obstacle\image_rgb_20260728_102714.jpg
obstacle,train,obstacle_train_00223.jpg,D:\YOLO\raw\obstacle\image_rgb_20260728_102723.jpg
obstacle,train,obstacle_train_00224.jpg,D:\YOLO\raw\obstacle\image_rgb_20260728_102732.jpg
obstacle,train,obstacle_train_00225.jpg,D:\YOLO\raw\obstacle\image_rgb_20260728_102745.jpg
obstacle,train,obstacle_train_00226.jpg,D:\YOLO\raw\obstacle\image_rgb_20260728_102803.jpg
obstacle,train,obstacle_train_00227.jpg,D:\YOLO\raw\obstacle\image_rgb_20260728_102826.jpg
obstacle,train,obstacle_train_00228.jpg,D:\YOLO\raw\obstacle\image_rgb_20260728_102842.jpg
obstacle,train,obstacle_train_00229.jpg,D:\YOLO\raw\obstacle\image_rgb_20260728_102905.jpg
obstacle,train,obstacle_train_00230.jpg,D:\YOLO\raw\obstacle\image_rgb_20260728_102918.jpg
obstacle,train,obstacle_train_00231.jpg,D:\YOLO\raw\obstacle\image_rgb_20260728_102929.jpg
obstacle,train,obstacle_train_00232.jpg,D:\YOLO\raw\obstacle\image_rgb_20260728_102937.jpg
obstacle,train,obstacle_train_00233.jpg,D:\YOLO\raw\obstacle\image_rgb_20260728_104239.jpg
obstacle,train,obstacle_train_00234.jpg,D:\YOLO\raw\obstacle\image_rgb_20260728_104256.jpg
obstacle,train,obstacle_train_00235.jpg,D:\YOLO\raw\obstacle\image_rgb_20260728_104306.jpg
obstacle,train,obstacle_train_00236.jpg,D:\YOLO\raw\obstacle\image_rgb_20260728_104319.jpg
obstacle,train,obstacle_train_00237.jpg,D:\YOLO\raw\obstacle\image_rgb_20260728_104331.jpg
obstacle,train,obstacle_train_00238.jpg,D:\YOLO\raw\obstacle\image_rgb_20260728_104341.jpg
obstacle,train,obstacle_train_00239.jpg,D:\YOLO\raw\obstacle\image_rgb_20260728_104351.jpg
obstacle,train,obstacle_train_00240.jpg,D:\YOLO\raw\obstacle\image_rgb_20260728_104403.jpg
obstacle,val,obstacle_val_00000.jpg,D:\YOLO\raw\obstacle\image_rgb_20260728_103016.jpg
obstacle,val,obstacle_val_00001.jpg,D:\YOLO\raw\obstacle\image_rgb_20260728_103042.jpg
obstacle,val,obstacle_val_00002.jpg,D:\YOLO\raw\obstacle\image_rgb_20260728_103054.jpg
obstacle,val,obstacle_val_00003.jpg,D:\YOLO\raw\obstacle\image_rgb_20260728_103103.jpg
obstacle,val,obstacle_val_00004.jpg,D:\YOLO\raw\obstacle\image_rgb_20260728_103113.jpg
obstacle,val,obstacle_val_00005.jpg,D:\YOLO\raw\obstacle\image_rgb_20260728_103121.jpg
obstacle,val,obstacle_val_00006.jpg,D:\YOLO\raw\obstacle\image_rgb_20260728_103129.jpg
obstacle,val,obstacle_val_00007.jpg,D:\YOLO\raw\obstacle\image_rgb_20260728_103137.jpg
obstacle,val,obstacle_val_00008.jpg,D:\YOLO\raw\obstacle\image_rgb_20260728_103150.jpg
obstacle,val,obstacle_val_00009.jpg,D:\YOLO\raw\obstacle\image_rgb_20260728_103201.jpg
obstacle,val,obstacle_val_00010.jpg,D:\YOLO\raw\obstacle\image_rgb_20260728_103210.jpg
obstacle,val,obstacle_val_00011.jpg,D:\YOLO\raw\obstacle\image_rgb_20260728_103219.jpg
obstacle,val,obstacle_val_00012.jpg,D:\YOLO\raw\obstacle\image_rgb_20260728_103228.jpg
obstacle,val,obstacle_val_00013.jpg,D:\YOLO\raw\obstacle\image_rgb_20260728_103241.jpg
obstacle,val,obstacle_val_00014.jpg,D:\YOLO\raw\obstacle\image_rgb_20260728_103252.jpg
obstacle,val,obstacle_val_00015.jpg,D:\YOLO\raw\obstacle\image_rgb_20260728_103303.jpg
obstacle,val,obstacle_val_00016.jpg,D:\YOLO\raw\obstacle\image_rgb_20260728_103312.jpg
obstacle,val,obstacle_val_00017.jpg,D:\YOLO\raw\obstacle\image_rgb_20260728_103320.jpg
obstacle,val,obstacle_val_00018.jpg,D:\YOLO\raw\obstacle\image_rgb_20260728_103333.jpg
obstacle,val,obstacle_val_00019.jpg,D:\YOLO\raw\obstacle\image_rgb_20260728_103345.jpg
obstacle,val,obstacle_val_00020.jpg,D:\YOLO\raw\obstacle\image_rgb_20260728_103357.jpg
obstacle,val,obstacle_val_00021.jpg,D:\YOLO\raw\obstacle\image_rgb_20260728_103406.jpg
obstacle,val,obstacle_val_00022.jpg,D:\YOLO\raw\obstacle\image_rgb_20260728_103417.jpg
obstacle,val,obstacle_val_00023.jpg,D:\YOLO\raw\obstacle\image_rgb_20260728_103425.jpg
obstacle,val,obstacle_val_00024.jpg,D:\YOLO\raw\obstacle\image_rgb_20260728_103442.jpg
obstacle,val,obstacle_val_00025.jpg,D:\YOLO\raw\obstacle\image_rgb_20260728_103452.jpg
obstacle,val,obstacle_val_00026.jpg,D:\YOLO\raw\obstacle\image_rgb_20260728_103501.jpg
obstacle,val,obstacle_val_00027.jpg,D:\YOLO\raw\obstacle\image_rgb_20260728_103512.jpg
obstacle,val,obstacle_val_00028.jpg,D:\YOLO\raw\obstacle\image_rgb_20260728_103521.jpg
obstacle,val,obstacle_val_00029.jpg,D:\YOLO\raw\obstacle\image_rgb_20260728_103530.jpg
obstacle,val,obstacle_val_00030.jpg,D:\YOLO\raw\obstacle\image_rgb_20260728_103539.jpg
obstacle,val,obstacle_val_00031.jpg,D:\YOLO\raw\obstacle\image_rgb_20260728_103549.jpg
obstacle,val,obstacle_val_00032.jpg,D:\YOLO\raw\obstacle\image_rgb_20260728_103600.jpg
obstacle,val,obstacle_val_00033.jpg,D:\YOLO\raw\obstacle\image_rgb_20260728_103609.jpg
obstacle,val,obstacle_val_00034.jpg,D:\YOLO\raw\obstacle\image_rgb_20260728_103619.jpg
obstacle,val,obstacle_val_00035.jpg,D:\YOLO\raw\obstacle\image_rgb_20260728_103628.jpg
obstacle,val,obstacle_val_00036.jpg,D:\YOLO\raw\obstacle\image_rgb_20260728_103636.jpg
obstacle,val,obstacle_val_00037.jpg,D:\YOLO\raw\obstacle\image_rgb_20260728_103645.jpg
obstacle,val,obstacle_val_00038.jpg,D:\YOLO\raw\obstacle\image_rgb_20260728_103655.jpg
obstacle,val,obstacle_val_00039.jpg,D:\YOLO\raw\obstacle\image_rgb_20260728_103703.jpg
obstacle,val,obstacle_val_00040.jpg,D:\YOLO\raw\obstacle\image_rgb_20260728_103712.jpg
obstacle,val,obstacle_val_00041.jpg,D:\YOLO\raw\obstacle\image_rgb_20260728_103720.jpg
obstacle,val,obstacle_val_00042.jpg,D:\YOLO\raw\obstacle\image_rgb_20260728_103731.jpg
obstacle,val,obstacle_val_00043.jpg,D:\YOLO\raw\obstacle\image_rgb_20260728_103740.jpg
obstacle,val,obstacle_val_00044.jpg,D:\YOLO\raw\obstacle\image_rgb_20260728_103749.jpg
obstacle,val,obstacle_val_00045.jpg,D:\YOLO\raw\obstacle\image_rgb_20260728_103759.jpg
obstacle,val,obstacle_val_00046.jpg,D:\YOLO\raw\obstacle\image_rgb_20260728_103809.jpg
obstacle,val,obstacle_val_00047.jpg,D:\YOLO\raw\obstacle\image_rgb_20260728_103818.jpg
obstacle,val,obstacle_val_00048.jpg,D:\YOLO\raw\obstacle\image_rgb_20260728_103828.jpg
obstacle,val,obstacle_val_00049.jpg,D:\YOLO\raw\obstacle\image_rgb_20260728_103838.jpg
obstacle,val,obstacle_val_00050.jpg,D:\YOLO\raw\obstacle\image_rgb_20260728_103848.jpg
obstacle,val,obstacle_val_00051.jpg,D:\YOLO\raw\obstacle\image_rgb_20260728_103857.jpg
obstacle,val,obstacle_val_00052.jpg,D:\YOLO\raw\obstacle\image_rgb_20260728_103906.jpg
obstacle,val,obstacle_val_00053.jpg,D:\YOLO\raw\obstacle\image_rgb_20260728_103918.jpg
obstacle,val,obstacle_val_00054.jpg,D:\YOLO\raw\obstacle\image_rgb_20260728_103930.jpg
obstacle,val,obstacle_val_00055.jpg,D:\YOLO\raw\obstacle\image_rgb_20260728_103939.jpg
obstacle,val,obstacle_val_00056.jpg,D:\YOLO\raw\obstacle\image_rgb_20260728_103948.jpg
obstacle,val,obstacle_val_00057.jpg,D:\YOLO\raw\obstacle\image_rgb_20260728_103957.jpg
obstacle,val,obstacle_val_00058.jpg,D:\YOLO\raw\obstacle\image_rgb_20260728_104007.jpg
obstacle,val,obstacle_val_00059.jpg,D:\YOLO\raw\obstacle\image_rgb_20260728_104015.jpg
obstacle,val,obstacle_val_00060.jpg,D:\YOLO\raw\obstacle\image_rgb_20260728_104026.jpg
obstacle,val,obstacle_val_00061.jpg,D:\YOLO\raw\obstacle\image_rgb_20260728_104036.jpg
obstacle,val,obstacle_val_00062.jpg,D:\YOLO\raw\obstacle\image_rgb_20260728_104043.jpg
obstacle,test,obstacle_test_000.jpg,D:\YOLO\raw\obstacle\image_rgb_20260727_143033.jpg
obstacle,test,obstacle_test_001.jpg,D:\YOLO\raw\obstacle\image_rgb_20260727_144013.jpg
obstacle,test,obstacle_test_002.jpg,D:\YOLO\raw\obstacle\image_rgb_20260727_144047.jpg
obstacle,test,obstacle_test_003.jpg,D:\YOLO\raw\obstacle\image_rgb_20260727_144208.jpg
obstacle,test,obstacle_test_004.jpg,D:\YOLO\raw\obstacle\image_rgb_20260727_144442.jpg
obstacle,test,obstacle_test_005.jpg,D:\YOLO\raw\obstacle\image_rgb_20260727_144612.jpg
obstacle,test,obstacle_test_006.jpg,D:\YOLO\raw\obstacle\image_rgb_20260727_145034.jpg
obstacle,test,obstacle_test_007.jpg,D:\YOLO\raw\obstacle\image_rgb_20260727_171250.jpg
obstacle,test,obstacle_test_008.jpg,D:\YOLO\raw\obstacle\image_rgb_20260727_171515.jpg
obstacle,test,obstacle_test_009.jpg,D:\YOLO\raw\obstacle\image_rgb_20260727_180606.jpg
obstacle,test,obstacle_test_010.jpg,D:\YOLO\raw\obstacle\image_rgb_20260728_101041.jpg
obstacle,test,obstacle_test_011.jpg,D:\YOLO\raw\obstacle\image_rgb_20260728_101604.jpg
cola,train,cola_train_00000.jpg,D:\YOLO\raw\cola\image_rgb_20260727_151835.jpg
cola,train,cola_train_00001.jpg,D:\YOLO\raw\cola\image_rgb_20260727_152129.jpg
cola,train,cola_train_00002.jpg,D:\YOLO\raw\cola\image_rgb_20260727_152143.jpg
cola,train,cola_train_00003.jpg,D:\YOLO\raw\cola\image_rgb_20260727_152154.jpg
cola,train,cola_train_00004.jpg,D:\YOLO\raw\cola\image_rgb_20260727_152205.jpg
cola,train,cola_train_00005.jpg,D:\YOLO\raw\cola\image_rgb_20260727_152214.jpg
cola,train,cola_train_00006.jpg,D:\YOLO\raw\cola\image_rgb_20260727_152222.jpg
cola,train,cola_train_00007.jpg,D:\YOLO\raw\cola\image_rgb_20260727_152232.jpg
cola,train,cola_train_00008.jpg,D:\YOLO\raw\cola\image_rgb_20260727_152327.jpg
cola,train,cola_train_00009.jpg,D:\YOLO\raw\cola\image_rgb_20260727_152337.jpg
cola,train,cola_train_00010.jpg,D:\YOLO\raw\cola\image_rgb_20260727_152353.jpg
cola,train,cola_train_00011.jpg,D:\YOLO\raw\cola\image_rgb_20260727_152405.jpg
cola,train,cola_train_00012.jpg,D:\YOLO\raw\cola\image_rgb_20260727_152416.jpg
cola,train,cola_train_00013.jpg,D:\YOLO\raw\cola\image_rgb_20260727_152425.jpg
cola,train,cola_train_00014.jpg,D:\YOLO\raw\cola\image_rgb_20260727_152436.jpg
cola,train,cola_train_00015.jpg,D:\YOLO\raw\cola\image_rgb_20260727_152443.jpg
cola,train,cola_train_00016.jpg,D:\YOLO\raw\cola\image_rgb_20260727_152503.jpg
cola,train,cola_train_00017.jpg,D:\YOLO\raw\cola\image_rgb_20260727_152523.jpg
cola,train,cola_train_00018.jpg,D:\YOLO\raw\cola\image_rgb_20260727_152531.jpg
cola,train,cola_train_00019.jpg,D:\YOLO\raw\cola\image_rgb_20260727_152550.jpg
cola,train,cola_train_00020.jpg,D:\YOLO\raw\cola\image_rgb_20260727_152601.jpg
cola,train,cola_train_00021.jpg,D:\YOLO\raw\cola\image_rgb_20260727_152616.jpg
cola,train,cola_train_00022.jpg,D:\YOLO\raw\cola\image_rgb_20260727_152628.jpg
cola,train,cola_train_00023.jpg,D:\YOLO\raw\cola\image_rgb_20260727_152644.jpg
cola,train,cola_train_00024.jpg,D:\YOLO\raw\cola\image_rgb_20260727_152700.jpg
cola,train,cola_train_00025.jpg,D:\YOLO\raw\cola\image_rgb_20260727_152711.jpg
cola,train,cola_train_00026.jpg,D:\YOLO\raw\cola\image_rgb_20260727_152724.jpg
cola,train,cola_train_00027.jpg,D:\YOLO\raw\cola\image_rgb_20260727_152733.jpg
cola,train,cola_train_00028.jpg,D:\YOLO\raw\cola\image_rgb_20260727_152747.jpg
cola,train,cola_train_00029.jpg,D:\YOLO\raw\cola\image_rgb_20260727_152759.jpg
cola,train,cola_train_00030.jpg,D:\YOLO\raw\cola\image_rgb_20260727_152810.jpg
cola,train,cola_train_00031.jpg,D:\YOLO\raw\cola\image_rgb_20260727_152820.jpg
cola,train,cola_train_00032.jpg,D:\YOLO\raw\cola\image_rgb_20260727_152836.jpg
cola,train,cola_train_00033.jpg,D:\YOLO\raw\cola\image_rgb_20260727_152932.jpg
cola,train,cola_train_00034.jpg,D:\YOLO\raw\cola\image_rgb_20260727_152957.jpg
cola,train,cola_train_00035.jpg,D:\YOLO\raw\cola\image_rgb_20260727_153016.jpg
cola,train,cola_train_00036.jpg,D:\YOLO\raw\cola\image_rgb_20260727_153026.jpg
cola,train,cola_train_00037.jpg,D:\YOLO\raw\cola\image_rgb_20260727_162427.jpg
cola,train,cola_train_00038.jpg,D:\YOLO\raw\cola\image_rgb_20260727_162437.jpg
cola,train,cola_train_00039.jpg,D:\YOLO\raw\cola\image_rgb_20260727_162446.jpg
cola,train,cola_train_00040.jpg,D:\YOLO\raw\cola\image_rgb_20260727_162454.jpg
cola,train,cola_train_00041.jpg,D:\YOLO\raw\cola\image_rgb_20260727_162501.jpg
cola,train,cola_train_00042.jpg,D:\YOLO\raw\cola\image_rgb_20260727_162509.jpg
cola,train,cola_train_00043.jpg,D:\YOLO\raw\cola\image_rgb_20260727_162522.jpg
cola,train,cola_train_00044.jpg,D:\YOLO\raw\cola\image_rgb_20260727_162549.jpg
cola,train,cola_train_00045.jpg,D:\YOLO\raw\cola\image_rgb_20260727_162603.jpg
cola,train,cola_train_00046.jpg,D:\YOLO\raw\cola\image_rgb_20260727_162612.jpg
cola,train,cola_train_00047.jpg,D:\YOLO\raw\cola\image_rgb_20260727_162624.jpg
cola,train,cola_train_00048.jpg,D:\YOLO\raw\cola\image_rgb_20260727_162634.jpg
cola,train,cola_train_00049.jpg,D:\YOLO\raw\cola\image_rgb_20260727_162650.jpg
cola,train,cola_train_00050.jpg,D:\YOLO\raw\cola\image_rgb_20260727_162703.jpg
cola,train,cola_train_00051.jpg,D:\YOLO\raw\cola\image_rgb_20260727_162714.jpg
cola,train,cola_train_00052.jpg,D:\YOLO\raw\cola\image_rgb_20260727_162723.jpg
cola,train,cola_train_00053.jpg,D:\YOLO\raw\cola\image_rgb_20260727_162734.jpg
cola,train,cola_train_00054.jpg,D:\YOLO\raw\cola\image_rgb_20260727_162742.jpg
cola,train,cola_train_00055.jpg,D:\YOLO\raw\cola\image_rgb_20260727_162754.jpg
cola,train,cola_train_00056.jpg,D:\YOLO\raw\cola\image_rgb_20260727_162805.jpg
cola,train,cola_train_00057.jpg,D:\YOLO\raw\cola\image_rgb_20260727_162811.jpg
cola,train,cola_train_00058.jpg,D:\YOLO\raw\cola\image_rgb_20260727_162821.jpg
cola,train,cola_train_00059.jpg,D:\YOLO\raw\cola\image_rgb_20260727_162845.jpg
cola,train,cola_train_00060.jpg,D:\YOLO\raw\cola\image_rgb_20260727_162855.jpg
cola,train,cola_train_00061.jpg,D:\YOLO\raw\cola\image_rgb_20260727_162910.jpg
cola,train,cola_train_00062.jpg,D:\YOLO\raw\cola\image_rgb_20260727_162921.jpg
cola,train,cola_train_00063.jpg,D:\YOLO\raw\cola\image_rgb_20260727_162931.jpg
cola,train,cola_train_00064.jpg,D:\YOLO\raw\cola\image_rgb_20260727_162939.jpg
cola,train,cola_train_00065.jpg,D:\YOLO\raw\cola\image_rgb_20260727_162950.jpg
cola,train,cola_train_00066.jpg,D:\YOLO\raw\cola\image_rgb_20260727_163004.jpg
cola,train,cola_train_00067.jpg,D:\YOLO\raw\cola\image_rgb_20260727_163014.jpg
cola,train,cola_train_00068.jpg,D:\YOLO\raw\cola\image_rgb_20260727_163022.jpg
cola,train,cola_train_00069.jpg,D:\YOLO\raw\cola\image_rgb_20260727_163031.jpg
cola,train,cola_train_00070.jpg,D:\YOLO\raw\cola\image_rgb_20260727_163040.jpg
cola,train,cola_train_00071.jpg,D:\YOLO\raw\cola\image_rgb_20260727_163048.jpg
cola,train,cola_train_00072.jpg,D:\YOLO\raw\cola\image_rgb_20260727_163057.jpg
cola,train,cola_train_00073.jpg,D:\YOLO\raw\cola\image_rgb_20260727_163106.jpg
cola,train,cola_train_00074.jpg,D:\YOLO\raw\cola\image_rgb_20260727_163116.jpg
cola,train,cola_train_00075.jpg,D:\YOLO\raw\cola\image_rgb_20260727_163123.jpg
cola,train,cola_train_00076.jpg,D:\YOLO\raw\cola\image_rgb_20260727_163130.jpg
cola,train,cola_train_00077.jpg,D:\YOLO\raw\cola\image_rgb_20260727_163138.jpg
cola,train,cola_train_00078.jpg,D:\YOLO\raw\cola\image_rgb_20260727_163207.jpg
cola,train,cola_train_00079.jpg,D:\YOLO\raw\cola\image_rgb_20260727_163222.jpg
cola,train,cola_train_00080.jpg,D:\YOLO\raw\cola\image_rgb_20260727_163231.jpg
cola,train,cola_train_00081.jpg,D:\YOLO\raw\cola\image_rgb_20260727_163239.jpg
cola,train,cola_train_00082.jpg,D:\YOLO\raw\cola\image_rgb_20260727_163249.jpg
cola,train,cola_train_00083.jpg,D:\YOLO\raw\cola\image_rgb_20260727_163303.jpg
cola,train,cola_train_00084.jpg,D:\YOLO\raw\cola\image_rgb_20260727_163324.jpg
cola,train,cola_train_00085.jpg,D:\YOLO\raw\cola\image_rgb_20260727_163332.jpg
cola,train,cola_train_00086.jpg,D:\YOLO\raw\cola\image_rgb_20260727_163344.jpg
cola,train,cola_train_00087.jpg,D:\YOLO\raw\cola\image_rgb_20260727_163354.jpg
cola,train,cola_train_00088.jpg,D:\YOLO\raw\cola\image_rgb_20260727_163407.jpg
cola,train,cola_train_00089.jpg,D:\YOLO\raw\cola\image_rgb_20260727_163418.jpg
cola,train,cola_train_00090.jpg,D:\YOLO\raw\cola\image_rgb_20260727_163426.jpg
cola,train,cola_train_00091.jpg,D:\YOLO\raw\cola\image_rgb_20260727_163441.jpg
cola,train,cola_train_00092.jpg,D:\YOLO\raw\cola\image_rgb_20260727_163453.jpg
cola,train,cola_train_00093.jpg,D:\YOLO\raw\cola\image_rgb_20260727_163505.jpg
cola,train,cola_train_00094.jpg,D:\YOLO\raw\cola\image_rgb_20260727_163521.jpg
cola,train,cola_train_00095.jpg,D:\YOLO\raw\cola\image_rgb_20260727_163533.jpg
cola,train,cola_train_00096.jpg,D:\YOLO\raw\cola\image_rgb_20260727_163544.jpg
cola,train,cola_train_00097.jpg,D:\YOLO\raw\cola\image_rgb_20260727_163601.jpg
cola,train,cola_train_00098.jpg,D:\YOLO\raw\cola\image_rgb_20260727_163612.jpg
cola,train,cola_train_00099.jpg,D:\YOLO\raw\cola\image_rgb_20260727_163624.jpg
cola,train,cola_train_00100.jpg,D:\YOLO\raw\cola\image_rgb_20260727_163633.jpg
cola,train,cola_train_00101.jpg,D:\YOLO\raw\cola\image_rgb_20260727_163647.jpg
cola,train,cola_train_00102.jpg,D:\YOLO\raw\cola\image_rgb_20260727_163700.jpg
cola,train,cola_train_00103.jpg,D:\YOLO\raw\cola\image_rgb_20260727_163712.jpg
cola,train,cola_train_00104.jpg,D:\YOLO\raw\cola\image_rgb_20260727_163730.jpg
cola,train,cola_train_00105.jpg,D:\YOLO\raw\cola\image_rgb_20260727_163740.jpg
cola,train,cola_train_00106.jpg,D:\YOLO\raw\cola\image_rgb_20260727_163749.jpg
cola,train,cola_train_00107.jpg,D:\YOLO\raw\cola\image_rgb_20260727_163759.jpg
cola,train,cola_train_00108.jpg,D:\YOLO\raw\cola\image_rgb_20260727_163809.jpg
cola,train,cola_train_00109.jpg,D:\YOLO\raw\cola\image_rgb_20260727_163826.jpg
cola,train,cola_train_00110.jpg,D:\YOLO\raw\cola\image_rgb_20260727_163849.jpg
cola,train,cola_train_00111.jpg,D:\YOLO\raw\cola\image_rgb_20260727_163903.jpg
cola,train,cola_train_00112.jpg,D:\YOLO\raw\cola\image_rgb_20260727_163914.jpg
cola,train,cola_train_00113.jpg,D:\YOLO\raw\cola\image_rgb_20260727_163924.jpg
cola,train,cola_train_00114.jpg,D:\YOLO\raw\cola\image_rgb_20260727_163935.jpg
cola,train,cola_train_00115.jpg,D:\YOLO\raw\cola\image_rgb_20260727_163946.jpg
cola,train,cola_train_00116.jpg,D:\YOLO\raw\cola\image_rgb_20260727_163957.jpg
cola,train,cola_train_00117.jpg,D:\YOLO\raw\cola\image_rgb_20260727_164006.jpg
cola,train,cola_train_00118.jpg,D:\YOLO\raw\cola\image_rgb_20260727_164016.jpg
cola,train,cola_train_00119.jpg,D:\YOLO\raw\cola\image_rgb_20260727_164026.jpg
cola,train,cola_train_00120.jpg,D:\YOLO\raw\cola\image_rgb_20260727_164034.jpg
cola,train,cola_train_00121.jpg,D:\YOLO\raw\cola\image_rgb_20260727_164044.jpg
cola,train,cola_train_00122.jpg,D:\YOLO\raw\cola\image_rgb_20260727_164056.jpg
cola,train,cola_train_00123.jpg,D:\YOLO\raw\cola\image_rgb_20260727_164112.jpg
cola,train,cola_train_00124.jpg,D:\YOLO\raw\cola\image_rgb_20260727_164122.jpg
cola,train,cola_train_00125.jpg,D:\YOLO\raw\cola\image_rgb_20260727_164130.jpg
cola,train,cola_train_00126.jpg,D:\YOLO\raw\cola\image_rgb_20260727_164139.jpg
cola,train,cola_train_00127.jpg,D:\YOLO\raw\cola\image_rgb_20260727_164148.jpg
cola,train,cola_train_00128.jpg,D:\YOLO\raw\cola\image_rgb_20260727_164159.jpg
cola,train,cola_train_00129.jpg,D:\YOLO\raw\cola\image_rgb_20260727_164208.jpg
cola,train,cola_train_00130.jpg,D:\YOLO\raw\cola\image_rgb_20260727_164216.jpg
cola,train,cola_train_00131.jpg,D:\YOLO\raw\cola\image_rgb_20260727_164225.jpg
cola,train,cola_train_00132.jpg,D:\YOLO\raw\cola\image_rgb_20260727_164234.jpg
cola,train,cola_train_00133.jpg,D:\YOLO\raw\cola\image_rgb_20260727_164245.jpg
cola,train,cola_train_00134.jpg,D:\YOLO\raw\cola\image_rgb_20260727_164255.jpg
cola,train,cola_train_00135.jpg,D:\YOLO\raw\cola\image_rgb_20260727_164304.jpg
cola,train,cola_train_00136.jpg,D:\YOLO\raw\cola\image_rgb_20260727_164314.jpg
cola,train,cola_train_00137.jpg,D:\YOLO\raw\cola\image_rgb_20260727_164325.jpg
cola,train,cola_train_00138.jpg,D:\YOLO\raw\cola\image_rgb_20260727_164336.jpg
cola,train,cola_train_00139.jpg,D:\YOLO\raw\cola\image_rgb_20260727_164350.jpg
cola,train,cola_train_00140.jpg,D:\YOLO\raw\cola\image_rgb_20260727_164400.jpg
cola,train,cola_train_00141.jpg,D:\YOLO\raw\cola\image_rgb_20260727_164410.jpg
cola,train,cola_train_00142.jpg,D:\YOLO\raw\cola\image_rgb_20260728_085704.jpg
cola,train,cola_train_00143.jpg,D:\YOLO\raw\cola\image_rgb_20260728_085806.jpg
cola,train,cola_train_00144.jpg,D:\YOLO\raw\cola\image_rgb_20260728_085825.jpg
cola,train,cola_train_00145.jpg,D:\YOLO\raw\cola\image_rgb_20260728_085834.jpg
cola,train,cola_train_00146.jpg,D:\YOLO\raw\cola\image_rgb_20260728_085845.jpg
cola,train,cola_train_00147.jpg,D:\YOLO\raw\cola\image_rgb_20260728_085854.jpg
cola,train,cola_train_00148.jpg,D:\YOLO\raw\cola\image_rgb_20260728_085902.jpg
cola,train,cola_train_00149.jpg,D:\YOLO\raw\cola\image_rgb_20260728_085916.jpg
cola,train,cola_train_00150.jpg,D:\YOLO\raw\cola\image_rgb_20260728_085923.jpg
cola,train,cola_train_00151.jpg,D:\YOLO\raw\cola\image_rgb_20260728_085930.jpg
cola,train,cola_train_00152.jpg,D:\YOLO\raw\cola\image_rgb_20260728_085939.jpg
cola,train,cola_train_00153.jpg,D:\YOLO\raw\cola\image_rgb_20260728_085951.jpg
cola,train,cola_train_00154.jpg,D:\YOLO\raw\cola\image_rgb_20260728_090001.jpg
cola,train,cola_train_00155.jpg,D:\YOLO\raw\cola\image_rgb_20260728_090012.jpg
cola,train,cola_train_00156.jpg,D:\YOLO\raw\cola\image_rgb_20260728_090026.jpg
cola,train,cola_train_00157.jpg,D:\YOLO\raw\cola\image_rgb_20260728_090035.jpg
cola,train,cola_train_00158.jpg,D:\YOLO\raw\cola\image_rgb_20260728_090044.jpg
cola,train,cola_train_00159.jpg,D:\YOLO\raw\cola\image_rgb_20260728_090101.jpg
cola,train,cola_train_00160.jpg,D:\YOLO\raw\cola\image_rgb_20260728_090109.jpg
cola,train,cola_train_00161.jpg,D:\YOLO\raw\cola\image_rgb_20260728_090122.jpg
cola,train,cola_train_00162.jpg,D:\YOLO\raw\cola\image_rgb_20260728_090130.jpg
cola,train,cola_train_00163.jpg,D:\YOLO\raw\cola\image_rgb_20260728_090140.jpg
cola,train,cola_train_00164.jpg,D:\YOLO\raw\cola\image_rgb_20260728_090148.jpg
cola,train,cola_train_00165.jpg,D:\YOLO\raw\cola\image_rgb_20260728_090157.jpg
cola,train,cola_train_00166.jpg,D:\YOLO\raw\cola\image_rgb_20260728_090207.jpg
cola,train,cola_train_00167.jpg,D:\YOLO\raw\cola\image_rgb_20260728_090216.jpg
cola,train,cola_train_00168.jpg,D:\YOLO\raw\cola\image_rgb_20260728_090227.jpg
cola,train,cola_train_00169.jpg,D:\YOLO\raw\cola\image_rgb_20260728_090237.jpg
cola,train,cola_train_00170.jpg,D:\YOLO\raw\cola\image_rgb_20260728_090247.jpg
cola,train,cola_train_00171.jpg,D:\YOLO\raw\cola\image_rgb_20260728_090257.jpg
cola,train,cola_train_00172.jpg,D:\YOLO\raw\cola\image_rgb_20260728_090307.jpg
cola,train,cola_train_00173.jpg,D:\YOLO\raw\cola\image_rgb_20260728_090315.jpg
cola,train,cola_train_00174.jpg,D:\YOLO\raw\cola\image_rgb_20260728_090322.jpg
cola,train,cola_train_00175.jpg,D:\YOLO\raw\cola\image_rgb_20260728_090331.jpg
cola,train,cola_train_00176.jpg,D:\YOLO\raw\cola\image_rgb_20260728_090344.jpg
cola,train,cola_train_00177.jpg,D:\YOLO\raw\cola\image_rgb_20260728_090436.jpg
cola,train,cola_train_00178.jpg,D:\YOLO\raw\cola\image_rgb_20260728_090444.jpg
cola,train,cola_train_00179.jpg,D:\YOLO\raw\cola\image_rgb_20260728_090458.jpg
cola,train,cola_train_00180.jpg,D:\YOLO\raw\cola\image_rgb_20260728_090515.jpg
cola,train,cola_train_00181.jpg,D:\YOLO\raw\cola\image_rgb_20260728_090524.jpg
cola,train,cola_train_00182.jpg,D:\YOLO\raw\cola\image_rgb_20260728_090534.jpg
cola,train,cola_train_00183.jpg,D:\YOLO\raw\cola\image_rgb_20260728_090554.jpg
cola,train,cola_train_00184.jpg,D:\YOLO\raw\cola\image_rgb_20260728_090605.jpg
cola,train,cola_train_00185.jpg,D:\YOLO\raw\cola\image_rgb_20260728_090628.jpg
cola,train,cola_train_00186.jpg,D:\YOLO\raw\cola\image_rgb_20260728_090636.jpg
cola,train,cola_train_00187.jpg,D:\YOLO\raw\cola\image_rgb_20260728_093539.jpg
cola,train,cola_train_00188.jpg,D:\YOLO\raw\cola\image_rgb_20260728_093636.jpg
cola,train,cola_train_00189.jpg,D:\YOLO\raw\cola\image_rgb_20260728_093648.jpg
cola,train,cola_train_00190.jpg,D:\YOLO\raw\cola\image_rgb_20260728_093706.jpg
cola,train,cola_train_00191.jpg,D:\YOLO\raw\cola\image_rgb_20260728_093718.jpg
cola,train,cola_train_00192.jpg,D:\YOLO\raw\cola\image_rgb_20260728_093725.jpg
cola,train,cola_train_00193.jpg,D:\YOLO\raw\cola\image_rgb_20260728_093737.jpg
cola,train,cola_train_00194.jpg,D:\YOLO\raw\cola\image_rgb_20260728_093745.jpg
cola,train,cola_train_00195.jpg,D:\YOLO\raw\cola\image_rgb_20260728_093756.jpg
cola,train,cola_train_00196.jpg,D:\YOLO\raw\cola\image_rgb_20260728_093805.jpg
cola,train,cola_train_00197.jpg,D:\YOLO\raw\cola\image_rgb_20260728_093820.jpg
cola,train,cola_train_00198.jpg,D:\YOLO\raw\cola\image_rgb_20260728_093832.jpg
cola,train,cola_train_00199.jpg,D:\YOLO\raw\cola\image_rgb_20260728_094220.jpg
cola,train,cola_train_00200.jpg,D:\YOLO\raw\cola\image_rgb_20260728_094232.jpg
cola,train,cola_train_00201.jpg,D:\YOLO\raw\cola\image_rgb_20260728_094256.jpg
cola,train,cola_train_00202.jpg,D:\YOLO\raw\cola\image_rgb_20260728_094305.jpg
cola,train,cola_train_00203.jpg,D:\YOLO\raw\cola\image_rgb_20260728_094317.jpg
cola,train,cola_train_00204.jpg,D:\YOLO\raw\cola\image_rgb_20260728_094325.jpg
cola,train,cola_train_00205.jpg,D:\YOLO\raw\cola\image_rgb_20260728_094336.jpg
cola,train,cola_train_00206.jpg,D:\YOLO\raw\cola\image_rgb_20260728_094346.jpg
cola,train,cola_train_00207.jpg,D:\YOLO\raw\cola\image_rgb_20260728_094357.jpg
cola,train,cola_train_00208.jpg,D:\YOLO\raw\cola\image_rgb_20260728_094409.jpg
cola,train,cola_train_00209.jpg,D:\YOLO\raw\cola\image_rgb_20260728_094418.jpg
cola,train,cola_train_00210.jpg,D:\YOLO\raw\cola\image_rgb_20260728_094427.jpg
cola,train,cola_train_00211.jpg,D:\YOLO\raw\cola\image_rgb_20260728_094436.jpg
cola,train,cola_train_00212.jpg,D:\YOLO\raw\cola\image_rgb_20260728_094446.jpg
cola,train,cola_train_00213.jpg,D:\YOLO\raw\cola\image_rgb_20260728_094459.jpg
cola,train,cola_train_00214.jpg,D:\YOLO\raw\cola\image_rgb_20260728_094506.jpg
cola,train,cola_train_00215.jpg,D:\YOLO\raw\cola\image_rgb_20260728_094517.jpg
cola,train,cola_train_00216.jpg,D:\YOLO\raw\cola\image_rgb_20260728_094526.jpg
cola,train,cola_train_00217.jpg,D:\YOLO\raw\cola\image_rgb_20260728_094534.jpg
cola,train,cola_train_00218.jpg,D:\YOLO\raw\cola\image_rgb_20260728_094542.jpg
cola,train,cola_train_00219.jpg,D:\YOLO\raw\cola\image_rgb_20260728_094550.jpg
cola,train,cola_train_00220.jpg,D:\YOLO\raw\cola\image_rgb_20260728_094558.jpg
cola,train,cola_train_00221.jpg,D:\YOLO\raw\cola\image_rgb_20260728_094613.jpg
cola,train,cola_train_00222.jpg,D:\YOLO\raw\cola\image_rgb_20260728_094622.jpg
cola,train,cola_train_00223.jpg,D:\YOLO\raw\cola\image_rgb_20260728_094634.jpg
cola,train,cola_train_00224.jpg,D:\YOLO\raw\cola\image_rgb_20260728_094644.jpg
cola,val,cola_val_00000.jpg,D:\YOLO\raw\cola\image_rgb_20260728_093134.jpg
cola,val,cola_val_00001.jpg,D:\YOLO\raw\cola\image_rgb_20260728_093147.jpg
cola,val,cola_val_00002.jpg,D:\YOLO\raw\cola\image_rgb_20260728_093155.jpg
cola,val,cola_val_00003.jpg,D:\YOLO\raw\cola\image_rgb_20260728_093206.jpg
cola,val,cola_val_00004.jpg,D:\YOLO\raw\cola\image_rgb_20260728_093213.jpg
cola,val,cola_val_00005.jpg,D:\YOLO\raw\cola\image_rgb_20260728_093224.jpg
cola,val,cola_val_00006.jpg,D:\YOLO\raw\cola\image_rgb_20260728_093232.jpg
cola,val,cola_val_00007.jpg,D:\YOLO\raw\cola\image_rgb_20260728_093242.jpg
cola,val,cola_val_00008.jpg,D:\YOLO\raw\cola\image_rgb_20260728_093312.jpg
cola,val,cola_val_00009.jpg,D:\YOLO\raw\cola\image_rgb_20260728_093320.jpg
cola,val,cola_val_00010.jpg,D:\YOLO\raw\cola\image_rgb_20260728_093329.jpg
cola,val,cola_val_00011.jpg,D:\YOLO\raw\cola\image_rgb_20260728_093339.jpg
cola,val,cola_val_00012.jpg,D:\YOLO\raw\cola\image_rgb_20260728_093355.jpg
cola,val,cola_val_00013.jpg,D:\YOLO\raw\cola\image_rgb_20260728_093405.jpg
cola,val,cola_val_00014.jpg,D:\YOLO\raw\cola\image_rgb_20260728_093415.jpg
cola,val,cola_val_00015.jpg,D:\YOLO\raw\cola\image_rgb_20260728_093425.jpg
cola,val,cola_val_00016.jpg,D:\YOLO\raw\cola\image_rgb_20260728_093436.jpg
cola,val,cola_val_00017.jpg,D:\YOLO\raw\cola\image_rgb_20260728_093448.jpg
cola,val,cola_val_00018.jpg,D:\YOLO\raw\cola\image_rgb_20260728_094747.jpg
cola,val,cola_val_00019.jpg,D:\YOLO\raw\cola\image_rgb_20260728_094753.jpg
cola,val,cola_val_00020.jpg,D:\YOLO\raw\cola\image_rgb_20260728_094800.jpg
cola,val,cola_val_00021.jpg,D:\YOLO\raw\cola\image_rgb_20260728_094812.jpg
cola,val,cola_val_00022.jpg,D:\YOLO\raw\cola\image_rgb_20260728_094821.jpg
cola,val,cola_val_00023.jpg,D:\YOLO\raw\cola\image_rgb_20260728_094833.jpg
cola,val,cola_val_00024.jpg,D:\YOLO\raw\cola\image_rgb_20260728_094842.jpg
cola,val,cola_val_00025.jpg,D:\YOLO\raw\cola\image_rgb_20260728_094855.jpg
cola,val,cola_val_00026.jpg,D:\YOLO\raw\cola\image_rgb_20260728_094909.jpg
cola,val,cola_val_00027.jpg,D:\YOLO\raw\cola\image_rgb_20260728_094927.jpg
cola,val,cola_val_00028.jpg,D:\YOLO\raw\cola\image_rgb_20260728_094943.jpg
cola,val,cola_val_00029.jpg,D:\YOLO\raw\cola\image_rgb_20260728_094953.jpg
cola,val,cola_val_00030.jpg,D:\YOLO\raw\cola\image_rgb_20260728_095006.jpg
cola,val,cola_val_00031.jpg,D:\YOLO\raw\cola\image_rgb_20260728_095013.jpg
cola,val,cola_val_00032.jpg,D:\YOLO\raw\cola\image_rgb_20260728_095019.jpg
cola,val,cola_val_00033.jpg,D:\YOLO\raw\cola\image_rgb_20260728_095031.jpg
cola,val,cola_val_00034.jpg,D:\YOLO\raw\cola\image_rgb_20260728_095045.jpg
cola,val,cola_val_00035.jpg,D:\YOLO\raw\cola\image_rgb_20260728_095054.jpg
cola,val,cola_val_00036.jpg,D:\YOLO\raw\cola\image_rgb_20260728_095113.jpg
cola,val,cola_val_00037.jpg,D:\YOLO\raw\cola\image_rgb_20260728_095142.jpg
cola,val,cola_val_00038.jpg,D:\YOLO\raw\cola\image_rgb_20260728_095151.jpg
cola,val,cola_val_00039.jpg,D:\YOLO\raw\cola\image_rgb_20260728_095200.jpg
cola,val,cola_val_00040.jpg,D:\YOLO\raw\cola\image_rgb_20260728_095210.jpg
cola,val,cola_val_00041.jpg,D:\YOLO\raw\cola\image_rgb_20260728_095218.jpg
cola,val,cola_val_00042.jpg,D:\YOLO\raw\cola\image_rgb_20260728_095227.jpg
cola,val,cola_val_00043.jpg,D:\YOLO\raw\cola\image_rgb_20260728_095239.jpg
cola,val,cola_val_00044.jpg,D:\YOLO\raw\cola\image_rgb_20260728_095249.jpg
cola,val,cola_val_00045.jpg,D:\YOLO\raw\cola\image_rgb_20260728_095259.jpg
cola,val,cola_val_00046.jpg,D:\YOLO\raw\cola\image_rgb_20260728_095309.jpg
cola,val,cola_val_00047.jpg,D:\YOLO\raw\cola\image_rgb_20260728_095324.jpg
cola,val,cola_val_00048.jpg,D:\YOLO\raw\cola\image_rgb_20260728_095334.jpg
cola,val,cola_val_00049.jpg,D:\YOLO\raw\cola\image_rgb_20260728_095352.jpg
cola,val,cola_val_00050.jpg,D:\YOLO\raw\cola\image_rgb_20260728_095404.jpg
cola,val,cola_val_00051.jpg,D:\YOLO\raw\cola\image_rgb_20260728_095414.jpg
cola,val,cola_val_00052.jpg,D:\YOLO\raw\cola\image_rgb_20260728_095424.jpg
cola,val,cola_val_00053.jpg,D:\YOLO\raw\cola\image_rgb_20260728_095433.jpg
cola,val,cola_val_00054.jpg,D:\YOLO\raw\cola\image_rgb_20260728_095440.jpg
cola,val,cola_val_00055.jpg,D:\YOLO\raw\cola\image_rgb_20260728_095450.jpg
cola,test,cola_test_000.jpg,D:\YOLO\raw\cola\image_rgb_20260727_152248.jpg
cola,test,cola_test_001.jpg,D:\YOLO\raw\cola\image_rgb_20260727_152846.jpg
cola,test,cola_test_002.jpg,D:\YOLO\raw\cola\image_rgb_20260727_153040.jpg
cola,test,cola_test_003.jpg,D:\YOLO\raw\cola\image_rgb_20260727_164424.jpg
cola,test,cola_test_004.jpg,D:\YOLO\raw\cola\image_rgb_20260728_085714.jpg
cola,test,cola_test_005.jpg,D:\YOLO\raw\cola\image_rgb_20260728_090356.jpg
cola,test,cola_test_006.jpg,D:\YOLO\raw\cola\image_rgb_20260728_090649.jpg
cola,test,cola_test_007.jpg,D:\YOLO\raw\cola\image_rgb_20260728_093507.jpg
cola,test,cola_test_008.jpg,D:\YOLO\raw\cola\image_rgb_20260728_093558.jpg
cola,test,cola_test_009.jpg,D:\YOLO\raw\cola\image_rgb_20260728_093843.jpg
cola,test,cola_test_010.jpg,D:\YOLO\raw\cola\image_rgb_20260728_094654.jpg
cola,test,cola_test_011.jpg,D:\YOLO\raw\cola\image_rgb_20260728_095506.jpg
football,train,football_train_00000.jpg,D:\YOLO\raw\football\image_rgb_20260727_094657.jpg
football,train,football_train_00001.jpg,D:\YOLO\raw\football\image_rgb_20260727_094713.jpg
football,train,football_train_00002.jpg,D:\YOLO\raw\football\image_rgb_20260727_094723.jpg
football,train,football_train_00003.jpg,D:\YOLO\raw\football\image_rgb_20260727_094733.jpg
football,train,football_train_00004.jpg,D:\YOLO\raw\football\image_rgb_20260727_094744.jpg
football,train,football_train_00005.jpg,D:\YOLO\raw\football\image_rgb_20260727_100957.jpg
football,train,football_train_00006.jpg,D:\YOLO\raw\football\image_rgb_20260727_101008.jpg
football,train,football_train_00007.jpg,D:\YOLO\raw\football\image_rgb_20260727_101015.jpg
football,train,football_train_00008.jpg,D:\YOLO\raw\football\image_rgb_20260727_101022.jpg
football,train,football_train_00009.jpg,D:\YOLO\raw\football\image_rgb_20260727_101029.jpg
football,train,football_train_00010.jpg,D:\YOLO\raw\football\image_rgb_20260727_101037.jpg
football,train,football_train_00011.jpg,D:\YOLO\raw\football\image_rgb_20260727_101045.jpg
football,train,football_train_00012.jpg,D:\YOLO\raw\football\image_rgb_20260727_101053.jpg
football,train,football_train_00013.jpg,D:\YOLO\raw\football\image_rgb_20260727_101059.jpg
football,train,football_train_00014.jpg,D:\YOLO\raw\football\image_rgb_20260727_101108.jpg
football,train,football_train_00015.jpg,D:\YOLO\raw\football\image_rgb_20260727_101120.jpg
football,train,football_train_00016.jpg,D:\YOLO\raw\football\image_rgb_20260727_101129.jpg
football,train,football_train_00017.jpg,D:\YOLO\raw\football\image_rgb_20260727_101136.jpg
football,train,football_train_00018.jpg,D:\YOLO\raw\football\image_rgb_20260727_101150.jpg
football,train,football_train_00019.jpg,D:\YOLO\raw\football\image_rgb_20260727_101157.jpg
football,train,football_train_00020.jpg,D:\YOLO\raw\football\image_rgb_20260727_101204.jpg
football,train,football_train_00021.jpg,D:\YOLO\raw\football\image_rgb_20260727_101210.jpg
football,train,football_train_00022.jpg,D:\YOLO\raw\football\image_rgb_20260727_101217.jpg
football,train,football_train_00023.jpg,D:\YOLO\raw\football\image_rgb_20260727_101226.jpg
football,train,football_train_00024.jpg,D:\YOLO\raw\football\image_rgb_20260727_101234.jpg
football,train,football_train_00025.jpg,D:\YOLO\raw\football\image_rgb_20260727_101241.jpg
football,train,football_train_00026.jpg,D:\YOLO\raw\football\image_rgb_20260727_101253.jpg
football,train,football_train_00027.jpg,D:\YOLO\raw\football\image_rgb_20260727_101302.jpg
football,train,football_train_00028.jpg,D:\YOLO\raw\football\image_rgb_20260727_101309.jpg
football,train,football_train_00029.jpg,D:\YOLO\raw\football\image_rgb_20260727_101321.jpg
football,train,football_train_00030.jpg,D:\YOLO\raw\football\image_rgb_20260727_101332.jpg
football,train,football_train_00031.jpg,D:\YOLO\raw\football\image_rgb_20260727_101340.jpg
football,train,football_train_00032.jpg,D:\YOLO\raw\football\image_rgb_20260727_101347.jpg
football,train,football_train_00033.jpg,D:\YOLO\raw\football\image_rgb_20260727_101353.jpg
football,train,football_train_00034.jpg,D:\YOLO\raw\football\image_rgb_20260727_101404.jpg
football,train,football_train_00035.jpg,D:\YOLO\raw\football\image_rgb_20260727_101412.jpg
football,train,football_train_00036.jpg,D:\YOLO\raw\football\image_rgb_20260727_101425.jpg
football,train,football_train_00037.jpg,D:\YOLO\raw\football\image_rgb_20260727_101435.jpg
football,train,football_train_00038.jpg,D:\YOLO\raw\football\image_rgb_20260727_101448.jpg
football,train,football_train_00039.jpg,D:\YOLO\raw\football\image_rgb_20260727_101455.jpg
football,train,football_train_00040.jpg,D:\YOLO\raw\football\image_rgb_20260727_101501.jpg
football,train,football_train_00041.jpg,D:\YOLO\raw\football\image_rgb_20260727_101510.jpg
football,train,football_train_00042.jpg,D:\YOLO\raw\football\image_rgb_20260727_101520.jpg
football,train,football_train_00043.jpg,D:\YOLO\raw\football\image_rgb_20260727_101529.jpg
football,train,football_train_00044.jpg,D:\YOLO\raw\football\image_rgb_20260727_101547.jpg
football,train,football_train_00045.jpg,D:\YOLO\raw\football\image_rgb_20260727_101555.jpg
football,train,football_train_00046.jpg,D:\YOLO\raw\football\image_rgb_20260727_101602.jpg
football,train,football_train_00047.jpg,D:\YOLO\raw\football\image_rgb_20260727_101609.jpg
football,train,football_train_00048.jpg,D:\YOLO\raw\football\image_rgb_20260727_101617.jpg
football,train,football_train_00049.jpg,D:\YOLO\raw\football\image_rgb_20260727_101627.jpg
football,train,football_train_00050.jpg,D:\YOLO\raw\football\image_rgb_20260727_101633.jpg
football,train,football_train_00051.jpg,D:\YOLO\raw\football\image_rgb_20260727_101642.jpg
football,train,football_train_00052.jpg,D:\YOLO\raw\football\image_rgb_20260727_101648.jpg
football,train,football_train_00053.jpg,D:\YOLO\raw\football\image_rgb_20260727_101657.jpg
football,train,football_train_00054.jpg,D:\YOLO\raw\football\image_rgb_20260727_101705.jpg
football,train,football_train_00055.jpg,D:\YOLO\raw\football\image_rgb_20260727_101718.jpg
football,train,football_train_00056.jpg,D:\YOLO\raw\football\image_rgb_20260727_101727.jpg
football,train,football_train_00057.jpg,D:\YOLO\raw\football\image_rgb_20260727_101733.jpg
football,train,football_train_00058.jpg,D:\YOLO\raw\football\image_rgb_20260727_101746.jpg
football,train,football_train_00059.jpg,D:\YOLO\raw\football\image_rgb_20260727_101755.jpg
football,train,football_train_00060.jpg,D:\YOLO\raw\football\image_rgb_20260727_101803.jpg
football,train,football_train_00061.jpg,D:\YOLO\raw\football\image_rgb_20260727_101808.jpg
football,train,football_train_00062.jpg,D:\YOLO\raw\football\image_rgb_20260727_101814.jpg
football,train,football_train_00063.jpg,D:\YOLO\raw\football\image_rgb_20260727_101822.jpg
football,train,football_train_00064.jpg,D:\YOLO\raw\football\image_rgb_20260727_101829.jpg
football,train,football_train_00065.jpg,D:\YOLO\raw\football\image_rgb_20260727_101836.jpg
football,train,football_train_00066.jpg,D:\YOLO\raw\football\image_rgb_20260727_101843.jpg
football,train,football_train_00067.jpg,D:\YOLO\raw\football\image_rgb_20260727_101849.jpg
football,train,football_train_00068.jpg,D:\YOLO\raw\football\image_rgb_20260727_101857.jpg
football,train,football_train_00069.jpg,D:\YOLO\raw\football\image_rgb_20260727_101904.jpg
football,train,football_train_00070.jpg,D:\YOLO\raw\football\image_rgb_20260727_101910.jpg
football,train,football_train_00071.jpg,D:\YOLO\raw\football\image_rgb_20260727_101919.jpg
football,train,football_train_00072.jpg,D:\YOLO\raw\football\image_rgb_20260727_101930.jpg
football,train,football_train_00073.jpg,D:\YOLO\raw\football\image_rgb_20260727_101943.jpg
football,train,football_train_00074.jpg,D:\YOLO\raw\football\image_rgb_20260727_101949.jpg
football,train,football_train_00075.jpg,D:\YOLO\raw\football\image_rgb_20260727_101957.jpg
football,train,football_train_00076.jpg,D:\YOLO\raw\football\image_rgb_20260727_102006.jpg
football,train,football_train_00077.jpg,D:\YOLO\raw\football\image_rgb_20260727_102016.jpg
football,train,football_train_00078.jpg,D:\YOLO\raw\football\image_rgb_20260727_102023.jpg
football,train,football_train_00079.jpg,D:\YOLO\raw\football\image_rgb_20260727_102029.jpg
football,train,football_train_00080.jpg,D:\YOLO\raw\football\image_rgb_20260727_102040.jpg
football,train,football_train_00081.jpg,D:\YOLO\raw\football\image_rgb_20260727_102049.jpg
football,train,football_train_00082.jpg,D:\YOLO\raw\football\image_rgb_20260727_102058.jpg
football,train,football_train_00083.jpg,D:\YOLO\raw\football\image_rgb_20260727_102119.jpg
football,train,football_train_00084.jpg,D:\YOLO\raw\football\image_rgb_20260727_102126.jpg
football,train,football_train_00085.jpg,D:\YOLO\raw\football\image_rgb_20260727_102135.jpg
football,train,football_train_00086.jpg,D:\YOLO\raw\football\image_rgb_20260727_102144.jpg
football,train,football_train_00087.jpg,D:\YOLO\raw\football\image_rgb_20260727_102156.jpg
football,train,football_train_00088.jpg,D:\YOLO\raw\football\image_rgb_20260727_102205.jpg
football,train,football_train_00089.jpg,D:\YOLO\raw\football\image_rgb_20260727_102212.jpg
football,train,football_train_00090.jpg,D:\YOLO\raw\football\image_rgb_20260727_102224.jpg
football,train,football_train_00091.jpg,D:\YOLO\raw\football\image_rgb_20260727_102233.jpg
football,train,football_train_00092.jpg,D:\YOLO\raw\football\image_rgb_20260727_102239.jpg
football,train,football_train_00093.jpg,D:\YOLO\raw\football\image_rgb_20260727_102247.jpg
football,train,football_train_00094.jpg,D:\YOLO\raw\football\image_rgb_20260727_102300.jpg
football,train,football_train_00095.jpg,D:\YOLO\raw\football\image_rgb_20260727_102307.jpg
football,train,football_train_00096.jpg,D:\YOLO\raw\football\image_rgb_20260727_102317.jpg
football,train,football_train_00097.jpg,D:\YOLO\raw\football\image_rgb_20260727_102334.jpg
football,train,football_train_00098.jpg,D:\YOLO\raw\football\image_rgb_20260727_102341.jpg
football,train,football_train_00099.jpg,D:\YOLO\raw\football\image_rgb_20260727_102349.jpg
football,train,football_train_00100.jpg,D:\YOLO\raw\football\image_rgb_20260727_102356.jpg
football,train,football_train_00101.jpg,D:\YOLO\raw\football\image_rgb_20260727_102405.jpg
football,train,football_train_00102.jpg,D:\YOLO\raw\football\image_rgb_20260727_102416.jpg
football,train,football_train_00103.jpg,D:\YOLO\raw\football\image_rgb_20260727_102424.jpg
football,train,football_train_00104.jpg,D:\YOLO\raw\football\image_rgb_20260727_102431.jpg
football,train,football_train_00105.jpg,D:\YOLO\raw\football\image_rgb_20260727_102439.jpg
football,train,football_train_00106.jpg,D:\YOLO\raw\football\image_rgb_20260727_102446.jpg
football,train,football_train_00107.jpg,D:\YOLO\raw\football\image_rgb_20260727_102454.jpg
football,train,football_train_00108.jpg,D:\YOLO\raw\football\image_rgb_20260727_102503.jpg
football,train,football_train_00109.jpg,D:\YOLO\raw\football\image_rgb_20260727_102514.jpg
football,train,football_train_00110.jpg,D:\YOLO\raw\football\image_rgb_20260727_102534.jpg
football,train,football_train_00111.jpg,D:\YOLO\raw\football\image_rgb_20260727_102551.jpg
football,train,football_train_00112.jpg,D:\YOLO\raw\football\image_rgb_20260727_102559.jpg
football,train,football_train_00113.jpg,D:\YOLO\raw\football\image_rgb_20260727_102610.jpg
football,train,football_train_00114.jpg,D:\YOLO\raw\football\image_rgb_20260727_102619.jpg
football,train,football_train_00115.jpg,D:\YOLO\raw\football\image_rgb_20260727_102627.jpg
football,train,football_train_00116.jpg,D:\YOLO\raw\football\image_rgb_20260727_102641.jpg
football,train,football_train_00117.jpg,D:\YOLO\raw\football\image_rgb_20260727_102654.jpg
football,train,football_train_00118.jpg,D:\YOLO\raw\football\image_rgb_20260727_102702.jpg
football,train,football_train_00119.jpg,D:\YOLO\raw\football\image_rgb_20260727_102711.jpg
football,train,football_train_00120.jpg,D:\YOLO\raw\football\image_rgb_20260727_102722.jpg
football,train,football_train_00121.jpg,D:\YOLO\raw\football\image_rgb_20260727_102736.jpg
football,train,football_train_00122.jpg,D:\YOLO\raw\football\image_rgb_20260727_102754.jpg
football,train,football_train_00123.jpg,D:\YOLO\raw\football\image_rgb_20260727_102808.jpg
football,train,football_train_00124.jpg,D:\YOLO\raw\football\image_rgb_20260727_102815.jpg
football,train,football_train_00125.jpg,D:\YOLO\raw\football\image_rgb_20260727_102823.jpg
football,train,football_train_00126.jpg,D:\YOLO\raw\football\image_rgb_20260727_102830.jpg
football,train,football_train_00127.jpg,D:\YOLO\raw\football\image_rgb_20260727_102842.jpg
football,train,football_train_00128.jpg,D:\YOLO\raw\football\image_rgb_20260727_102859.jpg
football,train,football_train_00129.jpg,D:\YOLO\raw\football\image_rgb_20260727_102911.jpg
football,train,football_train_00130.jpg,D:\YOLO\raw\football\image_rgb_20260727_102923.jpg
football,train,football_train_00131.jpg,D:\YOLO\raw\football\image_rgb_20260727_102931.jpg
football,train,football_train_00132.jpg,D:\YOLO\raw\football\image_rgb_20260727_102938.jpg
football,train,football_train_00133.jpg,D:\YOLO\raw\football\image_rgb_20260727_102947.jpg
football,train,football_train_00134.jpg,D:\YOLO\raw\football\image_rgb_20260727_102954.jpg
football,train,football_train_00135.jpg,D:\YOLO\raw\football\image_rgb_20260727_103417.jpg
football,train,football_train_00136.jpg,D:\YOLO\raw\football\image_rgb_20260727_103433.jpg
football,train,football_train_00137.jpg,D:\YOLO\raw\football\image_rgb_20260727_103450.jpg
football,train,football_train_00138.jpg,D:\YOLO\raw\football\image_rgb_20260727_103507.jpg
football,train,football_train_00139.jpg,D:\YOLO\raw\football\image_rgb_20260727_103518.jpg
football,train,football_train_00140.jpg,D:\YOLO\raw\football\image_rgb_20260727_103531.jpg
football,train,football_train_00141.jpg,D:\YOLO\raw\football\image_rgb_20260727_103550.jpg
football,train,football_train_00142.jpg,D:\YOLO\raw\football\image_rgb_20260727_103558.jpg
football,train,football_train_00143.jpg,D:\YOLO\raw\football\image_rgb_20260727_103606.jpg
football,train,football_train_00144.jpg,D:\YOLO\raw\football\image_rgb_20260727_103619.jpg
football,train,football_train_00145.jpg,D:\YOLO\raw\football\image_rgb_20260727_103635.jpg
football,train,football_train_00146.jpg,D:\YOLO\raw\football\image_rgb_20260727_103645.jpg
football,train,football_train_00147.jpg,D:\YOLO\raw\football\image_rgb_20260727_103653.jpg
football,train,football_train_00148.jpg,D:\YOLO\raw\football\image_rgb_20260727_103917.jpg
football,train,football_train_00149.jpg,D:\YOLO\raw\football\image_rgb_20260727_103929.jpg
football,train,football_train_00150.jpg,D:\YOLO\raw\football\image_rgb_20260727_103944.jpg
football,train,football_train_00151.jpg,D:\YOLO\raw\football\image_rgb_20260727_103952.jpg
football,train,football_train_00152.jpg,D:\YOLO\raw\football\image_rgb_20260727_104001.jpg
football,train,football_train_00153.jpg,D:\YOLO\raw\football\image_rgb_20260727_104009.jpg
football,train,football_train_00154.jpg,D:\YOLO\raw\football\image_rgb_20260727_104017.jpg
football,train,football_train_00155.jpg,D:\YOLO\raw\football\image_rgb_20260727_104025.jpg
football,train,football_train_00156.jpg,D:\YOLO\raw\football\image_rgb_20260727_104034.jpg
football,train,football_train_00157.jpg,D:\YOLO\raw\football\image_rgb_20260727_104048.jpg
football,train,football_train_00158.jpg,D:\YOLO\raw\football\image_rgb_20260727_104058.jpg
football,train,football_train_00159.jpg,D:\YOLO\raw\football\image_rgb_20260727_104109.jpg
football,train,football_train_00160.jpg,D:\YOLO\raw\football\image_rgb_20260727_104117.jpg
football,train,football_train_00161.jpg,D:\YOLO\raw\football\image_rgb_20260727_104140.jpg
football,train,football_train_00162.jpg,D:\YOLO\raw\football\image_rgb_20260727_104226.jpg
football,train,football_train_00163.jpg,D:\YOLO\raw\football\image_rgb_20260727_104234.jpg
football,train,football_train_00164.jpg,D:\YOLO\raw\football\image_rgb_20260727_104242.jpg
football,train,football_train_00165.jpg,D:\YOLO\raw\football\image_rgb_20260727_104249.jpg
football,train,football_train_00166.jpg,D:\YOLO\raw\football\image_rgb_20260727_104257.jpg
football,train,football_train_00167.jpg,D:\YOLO\raw\football\image_rgb_20260727_104322.jpg
football,train,football_train_00168.jpg,D:\YOLO\raw\football\image_rgb_20260727_104330.jpg
football,train,football_train_00169.jpg,D:\YOLO\raw\football\image_rgb_20260727_104339.jpg
football,train,football_train_00170.jpg,D:\YOLO\raw\football\image_rgb_20260727_104349.jpg
football,train,football_train_00171.jpg,D:\YOLO\raw\football\image_rgb_20260727_104356.jpg
football,train,football_train_00172.jpg,D:\YOLO\raw\football\image_rgb_20260727_104404.jpg
football,train,football_train_00173.jpg,D:\YOLO\raw\football\image_rgb_20260727_104411.jpg
football,train,football_train_00174.jpg,D:\YOLO\raw\football\image_rgb_20260727_104418.jpg
football,train,football_train_00175.jpg,D:\YOLO\raw\football\image_rgb_20260727_104427.jpg
football,train,football_train_00176.jpg,D:\YOLO\raw\football\image_rgb_20260727_104438.jpg
football,train,football_train_00177.jpg,D:\YOLO\raw\football\image_rgb_20260727_104447.jpg
football,train,football_train_00178.jpg,D:\YOLO\raw\football\image_rgb_20260727_104455.jpg
football,train,football_train_00179.jpg,D:\YOLO\raw\football\image_rgb_20260727_104501.jpg
football,train,football_train_00180.jpg,D:\YOLO\raw\football\image_rgb_20260727_104508.jpg
football,train,football_train_00181.jpg,D:\YOLO\raw\football\image_rgb_20260727_104516.jpg
football,train,football_train_00182.jpg,D:\YOLO\raw\football\image_rgb_20260727_104523.jpg
football,train,football_train_00183.jpg,D:\YOLO\raw\football\image_rgb_20260727_104529.jpg
football,train,football_train_00184.jpg,D:\YOLO\raw\football\image_rgb_20260727_104539.jpg
football,train,football_train_00185.jpg,D:\YOLO\raw\football\image_rgb_20260727_104548.jpg
football,train,football_train_00186.jpg,D:\YOLO\raw\football\image_rgb_20260727_104554.jpg
football,train,football_train_00187.jpg,D:\YOLO\raw\football\image_rgb_20260727_104607.jpg
football,train,football_train_00188.jpg,D:\YOLO\raw\football\image_rgb_20260727_104614.jpg
football,train,football_train_00189.jpg,D:\YOLO\raw\football\image_rgb_20260727_104624.jpg
football,train,football_train_00190.jpg,D:\YOLO\raw\football\image_rgb_20260727_115023.jpg
football,train,football_train_00191.jpg,D:\YOLO\raw\football\image_rgb_20260727_115033.jpg
football,train,football_train_00192.jpg,D:\YOLO\raw\football\image_rgb_20260727_115042.jpg
football,train,football_train_00193.jpg,D:\YOLO\raw\football\image_rgb_20260727_115049.jpg
football,train,football_train_00194.jpg,D:\YOLO\raw\football\image_rgb_20260727_115056.jpg
football,train,football_train_00195.jpg,D:\YOLO\raw\football\image_rgb_20260727_115106.jpg
football,train,football_train_00196.jpg,D:\YOLO\raw\football\image_rgb_20260727_115115.jpg
football,train,football_train_00197.jpg,D:\YOLO\raw\football\image_rgb_20260727_115125.jpg
football,train,football_train_00198.jpg,D:\YOLO\raw\football\image_rgb_20260727_115134.jpg
football,train,football_train_00199.jpg,D:\YOLO\raw\football\image_rgb_20260727_115142.jpg
football,train,football_train_00200.jpg,D:\YOLO\raw\football\image_rgb_20260727_115148.jpg
football,train,football_train_00201.jpg,D:\YOLO\raw\football\image_rgb_20260727_115156.jpg
football,train,football_train_00202.jpg,D:\YOLO\raw\football\image_rgb_20260727_115205.jpg
football,train,football_train_00203.jpg,D:\YOLO\raw\football\image_rgb_20260727_115214.jpg
football,train,football_train_00204.jpg,D:\YOLO\raw\football\image_rgb_20260727_115223.jpg
football,train,football_train_00205.jpg,D:\YOLO\raw\football\image_rgb_20260727_115231.jpg
football,train,football_train_00206.jpg,D:\YOLO\raw\football\image_rgb_20260727_115240.jpg
football,train,football_train_00207.jpg,D:\YOLO\raw\football\image_rgb_20260727_115246.jpg
football,train,football_train_00208.jpg,D:\YOLO\raw\football\image_rgb_20260727_115252.jpg
football,train,football_train_00209.jpg,D:\YOLO\raw\football\image_rgb_20260727_115308.jpg
football,train,football_train_00210.jpg,D:\YOLO\raw\football\image_rgb_20260727_115321.jpg
football,train,football_train_00211.jpg,D:\YOLO\raw\football\image_rgb_20260727_115328.jpg
football,train,football_train_00212.jpg,D:\YOLO\raw\football\image_rgb_20260727_115334.jpg
football,train,football_train_00213.jpg,D:\YOLO\raw\football\image_rgb_20260727_115346.jpg
football,train,football_train_00214.jpg,D:\YOLO\raw\football\image_rgb_20260727_115355.jpg
football,train,football_train_00215.jpg,D:\YOLO\raw\football\image_rgb_20260727_115403.jpg
football,train,football_train_00216.jpg,D:\YOLO\raw\football\image_rgb_20260727_115410.jpg
football,train,football_train_00217.jpg,D:\YOLO\raw\football\image_rgb_20260727_115419.jpg
football,train,football_train_00218.jpg,D:\YOLO\raw\football\image_rgb_20260727_115426.jpg
football,train,football_train_00219.jpg,D:\YOLO\raw\football\image_rgb_20260727_115435.jpg
football,train,football_train_00220.jpg,D:\YOLO\raw\football\image_rgb_20260727_115444.jpg
football,train,football_train_00221.jpg,D:\YOLO\raw\football\image_rgb_20260727_115451.jpg
football,train,football_train_00222.jpg,D:\YOLO\raw\football\image_rgb_20260727_115501.jpg
football,train,football_train_00223.jpg,D:\YOLO\raw\football\image_rgb_20260727_115508.jpg
football,train,football_train_00224.jpg,D:\YOLO\raw\football\image_rgb_20260727_115516.jpg
football,train,football_train_00225.jpg,D:\YOLO\raw\football\image_rgb_20260727_115525.jpg
football,train,football_train_00226.jpg,D:\YOLO\raw\football\image_rgb_20260727_115533.jpg
football,train,football_train_00227.jpg,D:\YOLO\raw\football\image_rgb_20260727_115539.jpg
football,train,football_train_00228.jpg,D:\YOLO\raw\football\image_rgb_20260727_115545.jpg
football,train,football_train_00229.jpg,D:\YOLO\raw\football\image_rgb_20260727_115555.jpg
football,train,football_train_00230.jpg,D:\YOLO\raw\football\image_rgb_20260727_115603.jpg
football,train,football_train_00231.jpg,D:\YOLO\raw\football\image_rgb_20260727_115610.jpg
football,train,football_train_00232.jpg,D:\YOLO\raw\football\image_rgb_20260727_115617.jpg
football,train,football_train_00233.jpg,D:\YOLO\raw\football\image_rgb_20260727_115623.jpg
football,train,football_train_00234.jpg,D:\YOLO\raw\football\image_rgb_20260727_115631.jpg
football,train,football_train_00235.jpg,D:\YOLO\raw\football\image_rgb_20260727_115638.jpg
football,train,football_train_00236.jpg,D:\YOLO\raw\football\image_rgb_20260727_115644.jpg
football,train,football_train_00237.jpg,D:\YOLO\raw\football\image_rgb_20260727_115653.jpg
football,train,football_train_00238.jpg,D:\YOLO\raw\football\image_rgb_20260727_115701.jpg
football,train,football_train_00239.jpg,D:\YOLO\raw\football\image_rgb_20260727_115714.jpg
football,train,football_train_00240.jpg,D:\YOLO\raw\football\image_rgb_20260727_115721.jpg
football,train,football_train_00241.jpg,D:\YOLO\raw\football\image_rgb_20260727_115728.jpg
football,train,football_train_00242.jpg,D:\YOLO\raw\football\image_rgb_20260727_115737.jpg
football,train,football_train_00243.jpg,D:\YOLO\raw\football\image_rgb_20260727_115745.jpg
football,train,football_train_00244.jpg,D:\YOLO\raw\football\image_rgb_20260727_115754.jpg
football,train,football_train_00245.jpg,D:\YOLO\raw\football\image_rgb_20260727_115805.jpg
football,train,football_train_00246.jpg,D:\YOLO\raw\football\image_rgb_20260727_115817.jpg
football,train,football_train_00247.jpg,D:\YOLO\raw\football\image_rgb_20260727_115829.jpg
football,train,football_train_00248.jpg,D:\YOLO\raw\football\image_rgb_20260727_115841.jpg
football,train,football_train_00249.jpg,D:\YOLO\raw\football\image_rgb_20260727_115848.jpg
football,train,football_train_00250.jpg,D:\YOLO\raw\football\image_rgb_20260727_115904.jpg
football,train,football_train_00251.jpg,D:\YOLO\raw\football\image_rgb_20260727_115932.jpg
football,train,football_train_00252.jpg,D:\YOLO\raw\football\image_rgb_20260727_115947.jpg
football,train,football_train_00253.jpg,D:\YOLO\raw\football\image_rgb_20260727_115955.jpg
football,train,football_train_00254.jpg,D:\YOLO\raw\football\image_rgb_20260727_120002.jpg
football,train,football_train_00255.jpg,D:\YOLO\raw\football\image_rgb_20260727_120008.jpg
football,train,football_train_00256.jpg,D:\YOLO\raw\football\image_rgb_20260727_120016.jpg
football,train,football_train_00257.jpg,D:\YOLO\raw\football\image_rgb_20260727_120026.jpg
football,train,football_train_00258.jpg,D:\YOLO\raw\football\image_rgb_20260727_120034.jpg
football,train,football_train_00259.jpg,D:\YOLO\raw\football\image_rgb_20260727_120057.jpg
football,train,football_train_00260.jpg,D:\YOLO\raw\football\image_rgb_20260727_120119.jpg
football,train,football_train_00261.jpg,D:\YOLO\raw\football\image_rgb_20260727_120127.jpg
football,train,football_train_00262.jpg,D:\YOLO\raw\football\image_rgb_20260727_120134.jpg
football,val,football_val_00000.jpg,D:\YOLO\raw\football\image_rgb_20260727_094528.jpg
football,val,football_val_00001.jpg,D:\YOLO\raw\football\image_rgb_20260727_094542.jpg
football,val,football_val_00002.jpg,D:\YOLO\raw\football\image_rgb_20260727_094857.jpg
football,val,football_val_00003.jpg,D:\YOLO\raw\football\image_rgb_20260727_094908.jpg
football,val,football_val_00004.jpg,D:\YOLO\raw\football\image_rgb_20260727_094921.jpg
football,val,football_val_00005.jpg,D:\YOLO\raw\football\image_rgb_20260727_094928.jpg
football,val,football_val_00006.jpg,D:\YOLO\raw\football\image_rgb_20260727_094937.jpg
football,val,football_val_00007.jpg,D:\YOLO\raw\football\image_rgb_20260727_094949.jpg
football,val,football_val_00008.jpg,D:\YOLO\raw\football\image_rgb_20260727_094957.jpg
football,val,football_val_00009.jpg,D:\YOLO\raw\football\image_rgb_20260727_095007.jpg
football,val,football_val_00010.jpg,D:\YOLO\raw\football\image_rgb_20260727_095018.jpg
football,val,football_val_00011.jpg,D:\YOLO\raw\football\image_rgb_20260727_095027.jpg
football,val,football_val_00012.jpg,D:\YOLO\raw\football\image_rgb_20260727_095037.jpg
football,val,football_val_00013.jpg,D:\YOLO\raw\football\image_rgb_20260727_095049.jpg
football,val,football_val_00014.jpg,D:\YOLO\raw\football\image_rgb_20260727_095106.jpg
football,val,football_val_00015.jpg,D:\YOLO\raw\football\image_rgb_20260727_095114.jpg
football,val,football_val_00016.jpg,D:\YOLO\raw\football\image_rgb_20260727_095125.jpg
football,val,football_val_00017.jpg,D:\YOLO\raw\football\image_rgb_20260727_095135.jpg
football,val,football_val_00018.jpg,D:\YOLO\raw\football\image_rgb_20260727_095144.jpg
football,val,football_val_00019.jpg,D:\YOLO\raw\football\image_rgb_20260727_095152.jpg
football,val,football_val_00020.jpg,D:\YOLO\raw\football\image_rgb_20260727_095158.jpg
football,val,football_val_00021.jpg,D:\YOLO\raw\football\image_rgb_20260727_095207.jpg
football,val,football_val_00022.jpg,D:\YOLO\raw\football\image_rgb_20260727_095214.jpg
football,val,football_val_00023.jpg,D:\YOLO\raw\football\image_rgb_20260727_095225.jpg
football,val,football_val_00024.jpg,D:\YOLO\raw\football\image_rgb_20260727_095237.jpg
football,val,football_val_00025.jpg,D:\YOLO\raw\football\image_rgb_20260727_095244.jpg
football,val,football_val_00026.jpg,D:\YOLO\raw\football\image_rgb_20260727_095253.jpg
football,val,football_val_00027.jpg,D:\YOLO\raw\football\image_rgb_20260727_095306.jpg
football,val,football_val_00028.jpg,D:\YOLO\raw\football\image_rgb_20260727_095317.jpg
football,val,football_val_00029.jpg,D:\YOLO\raw\football\image_rgb_20260727_095328.jpg
football,val,football_val_00030.jpg,D:\YOLO\raw\football\image_rgb_20260727_095338.jpg
football,val,football_val_00031.jpg,D:\YOLO\raw\football\image_rgb_20260727_095346.jpg
football,val,football_val_00032.jpg,D:\YOLO\raw\football\image_rgb_20260727_095355.jpg
football,val,football_val_00033.jpg,D:\YOLO\raw\football\image_rgb_20260727_095404.jpg
football,val,football_val_00034.jpg,D:\YOLO\raw\football\image_rgb_20260727_095415.jpg
football,val,football_val_00035.jpg,D:\YOLO\raw\football\image_rgb_20260727_095427.jpg
football,val,football_val_00036.jpg,D:\YOLO\raw\football\image_rgb_20260727_095440.jpg
football,val,football_val_00037.jpg,D:\YOLO\raw\football\image_rgb_20260727_095448.jpg
football,val,football_val_00038.jpg,D:\YOLO\raw\football\image_rgb_20260727_095457.jpg
football,val,football_val_00039.jpg,D:\YOLO\raw\football\image_rgb_20260727_095503.jpg
football,val,football_val_00040.jpg,D:\YOLO\raw\football\image_rgb_20260727_095512.jpg
football,val,football_val_00041.jpg,D:\YOLO\raw\football\image_rgb_20260727_095519.jpg
football,val,football_val_00042.jpg,D:\YOLO\raw\football\image_rgb_20260727_095530.jpg
football,val,football_val_00043.jpg,D:\YOLO\raw\football\image_rgb_20260727_095538.jpg
football,val,football_val_00044.jpg,D:\YOLO\raw\football\image_rgb_20260727_095547.jpg
football,val,football_val_00045.jpg,D:\YOLO\raw\football\image_rgb_20260727_095554.jpg
football,val,football_val_00046.jpg,D:\YOLO\raw\football\image_rgb_20260727_095603.jpg
football,val,football_val_00047.jpg,D:\YOLO\raw\football\image_rgb_20260727_095611.jpg
football,val,football_val_00048.jpg,D:\YOLO\raw\football\image_rgb_20260727_095619.jpg
football,val,football_val_00049.jpg,D:\YOLO\raw\football\image_rgb_20260727_095626.jpg
football,val,football_val_00050.jpg,D:\YOLO\raw\football\image_rgb_20260727_095635.jpg
football,val,football_val_00051.jpg,D:\YOLO\raw\football\image_rgb_20260727_095642.jpg
football,val,football_val_00052.jpg,D:\YOLO\raw\football\image_rgb_20260727_095652.jpg
football,val,football_val_00053.jpg,D:\YOLO\raw\football\image_rgb_20260727_095658.jpg
football,val,football_val_00054.jpg,D:\YOLO\raw\football\image_rgb_20260727_095706.jpg
football,val,football_val_00055.jpg,D:\YOLO\raw\football\image_rgb_20260727_095714.jpg
football,val,football_val_00056.jpg,D:\YOLO\raw\football\image_rgb_20260727_095721.jpg
football,val,football_val_00057.jpg,D:\YOLO\raw\football\image_rgb_20260727_095729.jpg
football,val,football_val_00058.jpg,D:\YOLO\raw\football\image_rgb_20260727_095736.jpg
football,val,football_val_00059.jpg,D:\YOLO\raw\football\image_rgb_20260727_095742.jpg
football,val,football_val_00060.jpg,D:\YOLO\raw\football\image_rgb_20260727_095750.jpg
football,val,football_val_00061.jpg,D:\YOLO\raw\football\image_rgb_20260727_095759.jpg
football,val,football_val_00062.jpg,D:\YOLO\raw\football\image_rgb_20260727_095807.jpg
football,val,football_val_00063.jpg,D:\YOLO\raw\football\image_rgb_20260727_095814.jpg
football,val,football_val_00064.jpg,D:\YOLO\raw\football\image_rgb_20260727_095821.jpg
football,val,football_val_00065.jpg,D:\YOLO\raw\football\image_rgb_20260727_095830.jpg
football,val,football_val_00066.jpg,D:\YOLO\raw\football\image_rgb_20260727_095838.jpg
football,test,football_test_000.jpg,D:\YOLO\raw\football\image_rgb_20260727_094558.jpg
football,test,football_test_001.jpg,D:\YOLO\raw\football\image_rgb_20260727_094755.jpg
football,test,football_test_002.jpg,D:\YOLO\raw\football\image_rgb_20260727_095846.jpg
football,test,football_test_003.jpg,D:\YOLO\raw\football\image_rgb_20260727_103017.jpg
football,test,football_test_004.jpg,D:\YOLO\raw\football\image_rgb_20260727_103704.jpg
football,test,football_test_005.jpg,D:\YOLO\raw\football\image_rgb_20260727_103751.jpg
football,test,football_test_006.jpg,D:\YOLO\raw\football\image_rgb_20260727_103844.jpg
football,test,football_test_007.jpg,D:\YOLO\raw\football\image_rgb_20260727_104155.jpg
football,test,football_test_008.jpg,D:\YOLO\raw\football\image_rgb_20260727_104638.jpg
football,test,football_test_009.jpg,D:\YOLO\raw\football\image_rgb_20260727_120143.jpg
