image,class,confidence,x1,y1,x2,y2
cola_image_rgb_20260727_152129.jpg,cola,0.2601,255,177,293,296
cola_image_rgb_20260727_163505.jpg,football,0.9689,0,201,50,253
cola_image_rgb_20260727_163505.jpg,cola,0.9545,310,191,388,425
cola_image_rgb_20260728_085704.jpg,football,0.9262,16,199,54,234
cola_image_rgb_20260728_093636.jpg,football,0.8043,497,216,567,282
cola_image_rgb_20260728_093636.jpg,cola,0.4291,263,158,286,230
football_image_rgb_20260727_094528.jpg,football,0.9736,323,221,407,302
football_image_rgb_20260727_101309.jpg,football,0.9583,208,195,258,242
football_image_rgb_20260727_102754.jpg,obstacle,0.9403,15,206,150,309
football_image_rgb_20260727_104548.jpg,obstacle,0.9486,34,199,137,278
football_image_rgb_20260727_104548.jpg,obstacle,0.5739,0,206,13,295
football_image_rgb_20260727_104548.jpg,football,0.4658,137,371,417,480
obstacle_image_rgb_20260727_175234.jpg,obstacle,0.9666,165,206,280,300
obstacle_image_rgb_20260727_175234.jpg,obstacle,0.9601,297,207,414,318
obstacle_image_rgb_20260727_175234.jpg,football,0.8494,398,163,429,193
obstacle_image_rgb_20260727_175738.jpg,obstacle,0.9679,132,220,256,353
obstacle_image_rgb_20260727_175738.jpg,obstacle,0.9624,311,205,430,319
obstacle_image_rgb_20260727_175738.jpg,football,0.8252,156,177,189,211
obstacle_image_rgb_20260728_100746.jpg,obstacle,0.9351,135,224,365,480
obstacle_image_rgb_20260728_102937.jpg,obstacle,0.9359,282,210,508,435
