image,split
obstacle_image_rgb_20260728_103452.jpg,val
obstacle_image_rgb_20260727_143033.jpg,val
obstacle_image_rgb_20260728_100950.jpg,val
obstacle_image_rgb_20260727_143511.jpg,val
obstacle_image_rgb_20260728_104319.jpg,val
obstacle_image_rgb_20260728_103749.jpg,val
obstacle_image_rgb_20260727_180253.jpg,val
obstacle_image_rgb_20260728_103150.jpg,val
obstacle_image_rgb_20260728_102332.jpg,val
obstacle_image_rgb_20260728_103549.jpg,val
obstacle_image_rgb_20260727_144315.jpg,val
obstacle_image_rgb_20260728_102221.jpg,val
obstacle_image_rgb_20260728_103501.jpg,val
obstacle_image_rgb_20260728_102239.jpg,val
obstacle_image_rgb_20260727_180312.jpg,val
obstacle_image_rgb_20260728_101900.jpg,val
obstacle_image_rgb_20260728_102937.jpg,val
obstacle_image_rgb_20260728_102255.jpg,val
obstacle_image_rgb_20260728_103357.jpg,val
obstacle_image_rgb_20260728_102842.jpg,val
obstacle_image_left_20260726_184330.jpg,val
obstacle_image_rgb_20260728_102655.jpg,val
obstacle_image_rgb_20260728_101336.jpg,val
obstacle_image_rgb_20260728_103838.jpg,val
obstacle_image_rgb_20260727_144415.jpg,val
obstacle_image_rgb_20260728_103930.jpg,val
obstacle_image_rgb_20260728_104306.jpg,val
obstacle_image_rgb_20260728_102918.jpg,val
obstacle_image_rgb_20260727_175619.jpg,val
obstacle_image_rgb_20260728_103828.jpg,val
obstacle_image_rgb_20260728_103521.jpg,val
obstacle_image_rgb_20260727_142021.jpg,val
obstacle_image_rgb_20260728_103137.jpg,val
obstacle_image_rgb_20260728_103129.jpg,val
obstacle_image_rgb_20260728_103628.jpg,val
obstacle_image_rgb_20260728_103720.jpg,val
obstacle_image_rgb_20260728_104043.jpg,val
obstacle_image_rgb_20260728_101812.jpg,val
obstacle_image_rgb_20260727_144828.jpg,val
obstacle_image_rgb_20260727_180304.jpg,val
obstacle_image_rgb_20260728_102141.jpg,val
obstacle_image_rgb_20260727_143121.jpg,val
obstacle_image_rgb_20260728_102732.jpg,val
obstacle_image_rgb_20260727_175642.jpg,val
obstacle_image_rgb_20260728_103712.jpg,val
obstacle_image_rgb_20260727_144140.jpg,val
obstacle_image_rgb_20260727_175609.jpg,val
obstacle_image_rgb_20260727_175547.jpg,val
obstacle_image_rgb_20260728_102246.jpg,val
obstacle_image_rgb_20260728_102538.jpg,val
obstacle_image_rgb_20260727_180005.jpg,val
obstacle_image_rgb_20260727_145220.jpg,val
obstacle_image_rgb_20260728_101354.jpg,val
obstacle_image_rgb_20260728_102516.jpg,val
obstacle_image_rgb_20260727_142915.jpg,val
obstacle_image_rgb_20260727_175600.jpg,val
obstacle_image_rgb_20260728_102506.jpg,val
obstacle_image_rgb_20260728_103857.jpg,val
obstacle_image_rgb_20260728_103809.jpg,val
obstacle_image_rgb_20260727_144747.jpg,val
obstacle_image_rgb_20260728_103759.jpg,val
obstacle_image_rgb_20260727_175146.jpg,val
obstacle_image_rgb_20260727_143749.jpg,train
obstacle_image_rgb_20260728_102229.jpg,train
obstacle_image_rgb_20260728_100834.jpg,train
obstacle_image_rgb_20260727_145114.jpg,train
obstacle_image_rgb_20260727_175925.jpg,train
obstacle_image_rgb_20260728_101751.jpg,train
obstacle_image_rgb_20260727_143708.jpg,train
obstacle_image_rgb_20260728_103655.jpg,train
obstacle_image_rgb_20260727_171405.jpg,train
obstacle_image_rgb_20260727_175508.jpg,train
obstacle_image_rgb_20260728_104341.jpg,train
obstacle_image_rgb_20260727_171427.jpg,train
obstacle_image_rgb_20260727_171418.jpg,train
obstacle_image_rgb_20260728_101653.jpg,train
obstacle_image_rgb_20260727_175825.jpg,train
obstacle_image_rgb_20260728_100940.jpg,train
obstacle_image_rgb_20260728_102803.jpg,train
obstacle_image_rgb_20260728_103539.jpg,train
obstacle_image_rgb_20260727_143942.jpg,train
obstacle_image_rgb_20260727_171146.jpg,train
obstacle_image_rgb_20260727_175251.jpg,train
obstacle_image_rgb_20260727_144612.jpg,train
obstacle_image_rgb_20260727_180404.jpg,train
obstacle_image_rgb_20260728_101534.jpg,train
obstacle_image_rgb_20260727_175804.jpg,train
obstacle_image_rgb_20260727_142941.jpg,train
obstacle_image_rgb_20260728_102323.jpg,train
obstacle_image_rgb_20260727_143017.jpg,train
obstacle_image_rgb_20260728_102647.jpg,train
obstacle_image_rgb_20260727_175457.jpg,train
obstacle_image_rgb_20260727_180545.jpg,train
obstacle_image_rgb_20260728_103016.jpg,train
obstacle_image_rgb_20260727_180015.jpg,train
obstacle_image_rgb_20260728_103103.jpg,train
obstacle_image_rgb_20260728_101307.jpg,train
obstacle_image_rgb_20260728_102905.jpg,train
obstacle_image_rgb_20260728_102455.jpg,train
obstacle_image_rgb_20260727_180521.jpg,train
obstacle_image_rgb_20260727_144013.jpg,train
obstacle_image_rgb_20260728_104015.jpg,train
obstacle_image_rgb_20260728_104403.jpg,train
obstacle_image_rgb_20260727_171159.jpg,train
obstacle_image_rgb_20260728_101841.jpg,train
obstacle_image_rgb_20260728_103645.jpg,train
obstacle_image_rgb_20260728_102608.jpg,train
obstacle_image_rgb_20260727_175129.jpg,train
obstacle_image_rgb_20260728_103312.jpg,train
obstacle_image_rgb_20260727_180557.jpg,train
obstacle_image_rgb_20260727_175317.jpg,train
obstacle_image_rgb_20260727_143721.jpg,train
obstacle_image_rgb_20260727_175234.jpg,train
obstacle_image_rgb_20260728_103210.jpg,train
obstacle_image_rgb_20260727_175417.jpg,train
obstacle_image_rgb_20260728_102714.jpg,train
obstacle_image_rgb_20260728_100804.jpg,train
obstacle_image_rgb_20260728_102315.jpg,train
obstacle_image_rgb_20260727_171515.jpg,train
obstacle_image_rgb_20260728_100959.jpg,train
obstacle_image_rgb_20260728_103054.jpg,train
obstacle_image_rgb_20260727_144121.jpg,train
obstacle_image_rgb_20260727_180243.jpg,train
obstacle_image_rgb_20260727_171333.jpg,train
obstacle_image_rgb_20260727_175934.jpg,train
obstacle_image_rgb_20260727_145239.jpg,train
obstacle_image_rgb_20260727_175114.jpg,train
obstacle_image_rgb_20260728_100842.jpg,train
obstacle_image_rgb_20260727_144047.jpg,train
obstacle_image_rgb_20260727_143434.jpg,train
obstacle_image_rgb_20260727_180048.jpg,train
obstacle_image_rgb_20260727_143613.jpg,train
obstacle_image_rgb_20260727_143555.jpg,train
obstacle_image_rgb_20260728_102546.jpg,train
obstacle_image_rgb_20260728_102529.jpg,train
obstacle_image_rgb_20260727_145801.jpg,train
obstacle_image_rgb_20260727_174945.jpg,train
obstacle_image_rgb_20260728_101850.jpg,train
obstacle_image_rgb_20260728_101021.jpg,train
obstacle_image_rgb_20260727_141609.jpg,train
obstacle_image_rgb_20260728_104331.jpg,train
obstacle_image_rgb_20260727_175047.jpg,train
obstacle_image_rgb_20260728_100921.jpg,train
obstacle_image_rgb_20260728_101345.jpg,train
obstacle_image_rgb_20260727_180357.jpg,train
obstacle_image_rgb_20260728_102745.jpg,train
obstacle_image_rgb_20260727_175407.jpg,train
obstacle_image_rgb_20260728_101732.jpg,train
obstacle_image_rgb_20260727_144918.jpg,train
obstacle_image_rgb_20260728_103121.jpg,train
obstacle_image_rgb_20260727_171500.jpg,train
obstacle_image_rgb_20260727_143815.jpg,train
obstacle_image_rgb_20260727_180219.jpg,train
obstacle_image_rgb_20260727_144733.jpg,train
obstacle_image_rgb_20260727_180155.jpg,train
obstacle_image_rgb_20260728_103303.jpg,train
obstacle_image_20260725_142038.jpg,train
obstacle_image_rgb_20260728_103241.jpg,train
obstacle_image_rgb_20260728_101702.jpg,train
obstacle_image_rgb_20260728_103957.jpg,train
obstacle_image_rgb_20260727_171440.jpg,train
obstacle_image_rgb_20260728_101740.jpg,train
obstacle_image_rgb_20260727_175222.jpg,train
obstacle_image_rgb_20260728_103219.jpg,train
obstacle_image_rgb_20260728_102112.jpg,train
obstacle_image_rgb_20260727_143901.jpg,train
obstacle_image_rgb_20260725_110930.jpg,train
obstacle_image_rgb_20260727_180433.jpg,train
obstacle_image_rgb_20260727_171130.jpg,train
obstacle_image_rgb_20260728_103600.jpg,train
obstacle_image_rgb_20260728_103939.jpg,train
obstacle_image_rgb_20260728_102624.jpg,train
obstacle_image_rgb_20260728_102723.jpg,train
obstacle_image_rgb_20260728_103442.jpg,train
obstacle_image_rgb_20260728_102400.jpg,train
obstacle_image_rgb_20260728_100814.jpg,train
obstacle_image_rgb_20260727_175652.jpg,train
obstacle_image_rgb_20260728_103042.jpg,train
obstacle_image_rgb_20260728_103333.jpg,train
obstacle_image_rgb_20260728_101011.jpg,train
obstacle_image_rgb_20260727_144442.jpg,train
obstacle_image_rgb_20260727_143837.jpg,train
obstacle_image_rgb_20260728_104351.jpg,train
obstacle_image_rgb_20260728_103417.jpg,train
obstacle_image_rgb_20260727_180113.jpg,train
obstacle_image_rgb_20260727_180228.jpg,train
obstacle_image_rgb_20260728_102202.jpg,train
obstacle_image_rgb_20260728_102634.jpg,train
obstacle_image_rgb_20260727_175329.jpg,train
obstacle_image_rgb_20260728_103848.jpg,train
obstacle_image_rgb_20260728_101933.jpg,train
obstacle_image_rgb_20260727_175704.jpg,train
obstacle_image_rgb_20260728_100635.jpg,train
obstacle_image_rgb_20260728_101919.jpg,train
obstacle_image_rgb_20260728_102210.jpg,train
obstacle_image_rgb_20260727_180349.jpg,train
obstacle_image_rgb_20260727_180508.jpg,train
obstacle_image_rgb_20260728_101909.jpg,train
obstacle_image_rgb_20260728_103530.jpg,train
obstacle_image_rgb_20260728_103425.jpg,train
obstacle_image_rgb_20260727_171212.jpg,train
obstacle_image_rgb_20260727_144250.jpg,train
obstacle_image_rgb_20260727_175848.jpg,train
obstacle_image_rgb_20260728_101243.jpg,train
obstacle_image_rgb_20260728_103906.jpg,train
obstacle_image_rgb_20260727_180142.jpg,train
obstacle_image_rgb_20260728_101319.jpg,train
obstacle_image_rgb_20260728_102351.jpg,train
obstacle_image_rgb_20260728_102558.jpg,train
obstacle_image_rgb_20260728_103619.jpg,train
obstacle_image_rgb_20260727_180534.jpg,train
obstacle_image_rgb_20260727_145034.jpg,train
obstacle_image_rgb_20260728_104026.jpg,train
obstacle_image_rgb_20260728_103113.jpg,train
obstacle_image_rgb_20260727_175530.jpg,train
obstacle_image_rgb_20260727_175018.jpg,train
obstacle_image_rgb_20260728_102306.jpg,train
obstacle_image_rgb_20260727_143003.jpg,train
obstacle_image_rgb_20260728_102343.jpg,train
obstacle_image_rgb_20260727_145208.jpg,train
obstacle_image_rgb_20260727_143338.jpg,train
obstacle_image_rgb_20260728_102154.jpg,train
obstacle_image_rgb_20260728_102126.jpg,train
obstacle_image_rgb_20260728_102429.jpg,train
obstacle_image_rgb_20260727_175059.jpg,train
obstacle_image_rgb_20260728_101604.jpg,train
obstacle_image_rgb_20260727_145135.jpg,train
obstacle_image_rgb_20260728_103252.jpg,train
obstacle_image_rgb_20260728_103609.jpg,train
obstacle_image_rgb_20260728_101041.jpg,train
obstacle_image_rgb_20260727_171250.jpg,train
obstacle_image_rgb_20260727_175430.jpg,train
obstacle_image_rgb_20260727_175903.jpg,train
obstacle_image_rgb_20260728_103201.jpg,train
obstacle_image_rgb_20260727_171024.jpg,train
obstacle_image_rgb_20260728_101833.jpg,train
obstacle_image_rgb_20260727_180329.jpg,train
obstacle_image_rgb_20260727_144643.jpg,train
obstacle_image_rgb_20260728_103228.jpg,train
obstacle_image_rgb_20260728_100856.jpg,train
obstacle_image_rgb_20260727_143452.jpg,train
obstacle_image_rgb_20260728_101257.jpg,train
obstacle_image_rgb_20260728_103740.jpg,train
obstacle_image_rgb_20260728_102929.jpg,train
obstacle_image_rgb_20260728_101725.jpg,train
obstacle_image_rgb_20260727_171227.jpg,train
obstacle_image_rgb_20260728_101451.jpg,train
obstacle_image_rgb_20260727_145007.jpg,train
obstacle_image_rgb_20260727_175303.jpg,train
obstacle_image_rgb_20260727_175355.jpg,train
obstacle_image_rgb_20260727_144554.jpg,train
obstacle_image_rgb_20260727_175344.jpg,train
obstacle_image_rgb_20260728_102408.jpg,train
obstacle_image_rgb_20260728_101028.jpg,train
obstacle_image_rgb_20260728_103406.jpg,train
obstacle_image_rgb_20260728_103731.jpg,train
obstacle_image_rgb_20260728_103636.jpg,train
obstacle_image_rgb_20260727_144933.jpg,train
obstacle_image_rgb_20260728_103948.jpg,train
obstacle_image_rgb_20260728_103512.jpg,train
obstacle_image_rgb_20260727_180606.jpg,train
obstacle_image_rgb_20260727_175837.jpg,train
obstacle_image_rgb_20260727_143650.jpg,train
obstacle_image_rgb_20260727_144208.jpg,train
obstacle_image_rgb_20260727_175442.jpg,train
obstacle_image_rgb_20260728_101822.jpg,train
obstacle_image_rgb_20260728_100746.jpg,train
obstacle_image_rgb_20260727_144539.jpg,train
obstacle_image_rgb_20260728_101942.jpg,train
obstacle_image_rgb_20260727_171116.jpg,train
obstacle_image_rgb_20260728_102826.jpg,train
obstacle_image_rgb_20260727_143634.jpg,train
obstacle_image_rgb_20260727_180320.jpg,train
obstacle_image_rgb_20260728_101639.jpg,train
obstacle_image_rgb_20260728_101800.jpg,train
obstacle_image_rgb_20260727_144854.jpg,train
obstacle_image_rgb_20260728_102017.jpg,train
obstacle_image_rgb_20260728_104007.jpg,train
obstacle_image_rgb_20260728_104256.jpg,train
obstacle_image_rgb_20260728_101519.jpg,train
obstacle_image_rgb_20260727_175719.jpg,train
obstacle_image_rgb_20260727_175006.jpg,train
obstacle_image_rgb_20260728_103918.jpg,train
obstacle_image_rgb_20260728_101545.jpg,train
obstacle_image_rgb_20260728_104036.jpg,train
obstacle_image_rgb_20260727_175035.jpg,train
obstacle_image_rgb_20260725_142227.jpg,train
obstacle_image_rgb_20260727_180457.jpg,train
obstacle_image_rgb_20260728_102704.jpg,train
obstacle_image_rgb_20260727_175749.jpg,train
obstacle_image_rgb_20260728_102417.jpg,train
obstacle_image_rgb_20260728_104239.jpg,train
obstacle_image_rgb_20260727_175518.jpg,train
obstacle_image_rgb_20260728_103818.jpg,train
obstacle_image_rgb_20260727_143320.jpg,train
obstacle_image_rgb_20260728_103320.jpg,train
obstacle_image_rgb_20260727_175914.jpg,train
obstacle_image_rgb_20260727_175738.jpg,train
obstacle_image_rgb_20260727_144804.jpg,train
obstacle_image_rgb_20260727_143353.jpg,train
obstacle_image_rgb_20260727_143413.jpg,train
obstacle_image_rgb_20260728_102444.jpg,train
obstacle_image_rgb_20260727_144707.jpg,train
obstacle_image_rgb_20260728_103703.jpg,train
obstacle_image_rgb_20260727_144953.jpg,train
obstacle_image_rgb_20260727_171348.jpg,train
obstacle_image_rgb_20260727_175813.jpg,train
obstacle_image_rgb_20260727_180102.jpg,train
obstacle_image_rgb_20260727_180413.jpg,train
obstacle_image_rgb_20260727_143136.jpg,train
obstacle_image_rgb_20260727_145152.jpg,train
cola_image_rgb_20260727_164148.jpg,val
cola_image_rgb_20260728_093805.jpg,val
cola_image_rgb_20260727_162805.jpg,val
cola_image_rgb_20260727_164159.jpg,val
cola_image_rgb_20260728_093213.jpg,val
cola_image_rgb_20260727_164016.jpg,val
cola_image_rgb_20260727_164304.jpg,val
cola_image_rgb_20260727_164208.jpg,val
cola_image_rgb_20260727_163207.jpg,val
cola_image_rgb_20260727_152154.jpg,val
cola_image_rgb_20260728_094654.jpg,val
cola_image_rgb_20260727_164424.jpg,val
cola_image_rgb_20260728_085845.jpg,val
cola_image_rgb_20260727_163057.jpg,val
cola_image_rgb_20260727_163505.jpg,val
cola_image_rgb_20260728_090649.jpg,val
cola_image_rgb_20260727_163957.jpg,val
cola_image_rgb_20260727_164122.jpg,val
cola_image_rgb_20260728_094943.jpg,val
cola_image_rgb_20260727_163533.jpg,val
cola_image_rgb_20260728_095249.jpg,val
cola_image_rgb_20260728_094747.jpg,val
cola_image_rgb_20260728_095113.jpg,val
cola_image_rgb_20260728_090534.jpg,val
cola_image_rgb_20260728_093636.jpg,val
cola_image_rgb_20260728_090524.jpg,val
cola_image_rgb_20260727_163914.jpg,val
cola_image_rgb_20260727_163712.jpg,val
cola_image_rgb_20260728_085806.jpg,val
cola_image_rgb_20260728_095210.jpg,val
cola_image_rgb_20260727_152810.jpg,val
cola_image_rgb_20260728_090001.jpg,val
cola_image_rgb_20260728_090458.jpg,val
cola_image_rgb_20260727_152129.jpg,val
cola_image_rgb_20260728_085704.jpg,val
cola_image_rgb_20260727_152405.jpg,val
cola_image_rgb_20260728_093232.jpg,val
cola_image_rgb_20260728_093507.jpg,val
cola_image_rgb_20260727_163231.jpg,val
cola_image_rgb_20260728_090140.jpg,val
cola_image_rgb_20260727_152601.jpg,val
cola_image_rgb_20260728_095404.jpg,val
cola_image_rgb_20260727_163332.jpg,val
cola_image_rgb_20260727_163730.jpg,val
cola_image_rgb_20260727_163303.jpg,val
cola_image_rgb_20260727_152523.jpg,val
cola_image_rgb_20260727_163633.jpg,val
cola_image_rgb_20260728_085714.jpg,val
cola_image_rgb_20260728_093843.jpg,val
cola_image_rgb_20260727_162549.jpg,val
cola_image_rgb_20260728_095433.jpg,val
cola_image_rgb_20260727_152759.jpg,val
cola_image_rgb_20260728_093242.jpg,val
cola_image_rgb_20260727_163946.jpg,val
cola_image_rgb_20260727_162454.jpg,val
cola_image_rgb_20260727_164410.jpg,val
cola_image_rgb_20260728_090444.jpg,val
cola_image_rgb_20260728_093745.jpg,val
cola_image_rgb_20260728_095151.jpg,train
cola_image_rgb_20260727_164325.jpg,train
cola_image_rgb_20260727_163544.jpg,train
cola_image_rgb_20260727_164350.jpg,train
cola_image_rgb_20260727_162624.jpg,train
cola_image_rgb_20260728_095424.jpg,train
cola_image_rgb_20260728_090109.jpg,train
cola_image_rgb_20260727_152957.jpg,train
cola_image_rgb_20260728_093648.jpg,train
cola_image_rgb_20260728_093725.jpg,train
cola_image_rgb_20260728_090237.jpg,train
cola_image_rgb_20260727_163222.jpg,train
cola_image_rgb_20260728_095006.jpg,train
cola_image_rgb_20260727_162603.jpg,train
cola_image_rgb_20260728_094336.jpg,train
cola_image_rgb_20260728_085854.jpg,train
cola_image_rgb_20260727_152443.jpg,train
cola_image_rgb_20260728_093224.jpg,train
cola_image_rgb_20260728_094256.jpg,train
cola_image_rgb_20260728_093134.jpg,train
cola_image_rgb_20260728_095324.jpg,train
cola_image_rgb_20260728_093436.jpg,train
cola_image_rgb_20260728_095414.jpg,train
cola_image_rgb_20260728_093329.jpg,train
cola_image_rgb_20260728_090344.jpg,train
cola_image_rgb_20260727_152436.jpg,train
cola_image_rgb_20260727_164130.jpg,train
cola_image_rgb_20260728_093339.jpg,train
cola_image_rgb_20260727_163130.jpg,train
cola_image_rgb_20260727_162446.jpg,train
cola_image_rgb_20260727_163903.jpg,train
cola_image_rgb_20260727_152248.jpg,train
cola_image_rgb_20260727_163612.jpg,train
cola_image_rgb_20260727_162522.jpg,train
cola_image_rgb_20260728_095440.jpg,train
cola_image_rgb_20260728_094909.jpg,train
cola_image_rgb_20260728_095259.jpg,train
cola_image_rgb_20260728_090315.jpg,train
cola_image_rgb_20260727_163418.jpg,train
cola_image_rgb_20260728_093448.jpg,train
cola_image_rgb_20260728_085834.jpg,train
cola_image_rgb_20260727_162931.jpg,train
cola_image_rgb_20260728_093206.jpg,train
cola_image_rgb_20260727_163809.jpg,train
cola_image_rgb_20260728_090101.jpg,train
cola_image_rgb_20260727_152214.jpg,train
cola_image_rgb_20260728_090227.jpg,train
cola_image_rgb_20260727_152644.jpg,train
cola_image_rgb_20260727_163040.jpg,train
cola_image_rgb_20260727_164245.jpg,train
cola_image_rgb_20260728_095200.jpg,train
cola_image_rgb_20260727_162921.jpg,train
cola_image_rgb_20260728_094409.jpg,train
cola_image_rgb_20260727_163924.jpg,train
cola_image_rgb_20260728_090307.jpg,train
cola_image_rgb_20260727_163601.jpg,train
cola_image_rgb_20260728_094305.jpg,train
cola_image_rgb_20260727_162501.jpg,train
cola_image_rgb_20260727_162723.jpg,train
cola_image_rgb_20260728_094220.jpg,train
cola_image_rgb_20260728_093320.jpg,train
cola_image_rgb_20260728_094821.jpg,train
cola_image_rgb_20260727_164034.jpg,train
cola_image_rgb_20260727_163048.jpg,train
cola_image_rgb_20260727_152616.jpg,train
cola_image_rgb_20260728_093147.jpg,train
cola_image_rgb_20260727_164044.jpg,train
cola_image_rgb_20260728_094446.jpg,train
cola_image_rgb_20260727_152425.jpg,train
cola_image_rgb_20260727_152232.jpg,train
cola_image_rgb_20260727_164225.jpg,train
cola_image_rgb_20260728_094325.jpg,train
cola_image_rgb_20260728_090356.jpg,train
cola_image_rgb_20260728_095031.jpg,train
cola_image_rgb_20260728_094542.jpg,train
cola_image_rgb_20260727_163022.jpg,train
cola_image_rgb_20260727_163239.jpg,train
cola_image_rgb_20260727_163624.jpg,train
cola_image_rgb_20260727_162612.jpg,train
cola_image_rgb_20260728_085923.jpg,train
cola_image_rgb_20260727_162742.jpg,train
cola_image_rgb_20260727_162754.jpg,train
cola_image_rgb_20260728_090207.jpg,train
cola_image_rgb_20260728_094558.jpg,train
cola_image_rgb_20260727_163935.jpg,train
cola_image_rgb_20260728_094800.jpg,train
cola_image_rgb_20260727_162734.jpg,train
cola_image_rgb_20260728_095227.jpg,train
cola_image_rgb_20260728_090322.jpg,train
cola_image_rgb_20260727_163521.jpg,train
cola_image_rgb_20260728_093737.jpg,train
cola_image_rgb_20260728_094459.jpg,train
cola_image_rgb_20260727_162950.jpg,train
cola_image_rgb_20260728_090122.jpg,train
cola_image_rgb_20260728_094357.jpg,train
cola_image_rgb_20260728_093155.jpg,train
cola_image_rgb_20260728_085939.jpg,train
cola_image_rgb_20260727_152222.jpg,train
cola_image_rgb_20260727_163700.jpg,train
cola_image_rgb_20260727_162509.jpg,train
cola_image_rgb_20260728_090636.jpg,train
cola_image_rgb_20260727_162811.jpg,train
cola_image_rgb_20260728_093706.jpg,train
cola_image_rgb_20260728_085951.jpg,train
cola_image_rgb_20260728_095019.jpg,train
cola_image_rgb_20260728_090515.jpg,train
cola_image_rgb_20260727_163354.jpg,train
cola_image_rgb_20260728_094534.jpg,train
cola_image_rgb_20260727_162855.jpg,train
cola_image_rgb_20260728_094436.jpg,train
cola_image_rgb_20260727_163407.jpg,train
cola_image_rgb_20260728_090216.jpg,train
cola_image_rgb_20260727_163426.jpg,train
cola_image_rgb_20260727_163123.jpg,train
cola_image_rgb_20260727_152337.jpg,train
cola_image_rgb_20260727_152820.jpg,train
cola_image_rgb_20260727_163759.jpg,train
cola_image_rgb_20260728_094753.jpg,train
cola_image_rgb_20260728_090628.jpg,train
cola_image_rgb_20260728_085825.jpg,train
cola_image_rgb_20260728_094517.jpg,train
cola_image_rgb_20260727_152327.jpg,train
cola_image_rgb_20260728_094613.jpg,train
cola_image_rgb_20260727_153026.jpg,train
cola_image_rgb_20260728_090257.jpg,train
cola_image_rgb_20260727_152531.jpg,train
cola_image_rgb_20260727_152733.jpg,train
cola_image_rgb_20260728_094317.jpg,train
cola_image_rgb_20260727_164400.jpg,train
cola_image_rgb_20260727_163749.jpg,train
cola_image_rgb_20260728_094418.jpg,train
cola_image_rgb_20260728_093718.jpg,train
cola_image_rgb_20260727_163849.jpg,train
cola_image_rgb_20260728_090554.jpg,train
cola_image_rgb_20260728_095142.jpg,train
cola_image_rgb_20260728_093405.jpg,train
cola_image_rgb_20260728_090044.jpg,train
cola_image_rgb_20260728_094622.jpg,train
cola_image_rgb_20260727_163249.jpg,train
cola_image_rgb_20260727_151835.jpg,train
cola_image_rgb_20260727_152353.jpg,train
cola_image_rgb_20260727_163014.jpg,train
cola_image_rgb_20260727_163740.jpg,train
cola_image_rgb_20260728_093415.jpg,train
cola_image_rgb_20260727_152628.jpg,train
cola_image_rgb_20260727_152416.jpg,train
cola_image_rgb_20260727_162910.jpg,train
cola_image_rgb_20260727_164056.jpg,train
cola_image_rgb_20260728_094644.jpg,train
cola_image_rgb_20260728_093756.jpg,train
cola_image_rgb_20260728_090035.jpg,train
cola_image_rgb_20260728_090247.jpg,train
cola_image_rgb_20260727_162650.jpg,train
cola_image_rgb_20260727_163324.jpg,train
cola_image_rgb_20260728_090436.jpg,train
cola_image_rgb_20260727_162703.jpg,train
cola_image_rgb_20260728_085916.jpg,train
cola_image_rgb_20260728_094506.jpg,train
cola_image_rgb_20260727_163004.jpg,train
cola_image_rgb_20260727_153040.jpg,train
cola_image_rgb_20260728_094232.jpg,train
cola_image_rgb_20260728_090605.jpg,train
cola_image_rgb_20260727_152724.jpg,train
cola_image_rgb_20260728_095334.jpg,train
cola_image_rgb_20260728_094634.jpg,train
cola_image_rgb_20260728_095239.jpg,train
cola_image_rgb_20260728_093820.jpg,train
cola_image_rgb_20260727_152711.jpg,train
cola_image_rgb_20260728_090148.jpg,train
cola_image_rgb_20260727_163106.jpg,train
cola_image_rgb_20260727_164336.jpg,train
cola_image_rgb_20260728_093425.jpg,train
cola_image_rgb_20260728_090157.jpg,train
cola_image_rgb_20260727_152143.jpg,train
cola_image_rgb_20260728_094953.jpg,train
cola_image_rgb_20260728_090130.jpg,train
cola_image_rgb_20260728_095218.jpg,train
cola_image_rgb_20260728_085930.jpg,train
cola_image_rgb_20260727_163116.jpg,train
cola_image_rgb_20260728_090331.jpg,train
cola_image_rgb_20260727_164314.jpg,train
cola_image_rgb_20260728_093539.jpg,train
cola_image_rgb_20260727_163826.jpg,train
cola_image_rgb_20260727_162427.jpg,train
cola_image_rgb_20260727_163031.jpg,train
cola_image_rgb_20260727_163441.jpg,train
cola_image_rgb_20260727_162845.jpg,train
cola_image_rgb_20260728_094550.jpg,train
cola_image_rgb_20260727_152503.jpg,train
cola_image_rgb_20260728_093832.jpg,train
cola_image_rgb_20260727_163344.jpg,train
cola_image_rgb_20260728_094427.jpg,train
cola_image_rgb_20260727_152836.jpg,train
cola_image_rgb_20260728_094927.jpg,train
cola_image_rgb_20260727_164139.jpg,train
cola_image_rgb_20260727_162714.jpg,train
cola_image_rgb_20260727_164255.jpg,train
cola_image_rgb_20260728_094833.jpg,train
cola_image_rgb_20260727_162634.jpg,train
cola_image_rgb_20260728_094855.jpg,train
cola_image_rgb_20260727_152205.jpg,train
cola_image_rgb_20260727_153016.jpg,train
cola_image_rgb_20260728_095045.jpg,train
cola_image_rgb_20260728_094346.jpg,train
cola_image_rgb_20260728_085902.jpg,train
cola_image_rgb_20260727_162939.jpg,train
cola_image_rgb_20260728_093312.jpg,train
cola_image_rgb_20260727_164234.jpg,train
cola_image_rgb_20260727_164026.jpg,train
cola_image_rgb_20260728_095506.jpg,train
cola_image_rgb_20260727_163647.jpg,train
cola_image_rgb_20260727_164216.jpg,train
cola_image_rgb_20260728_090026.jpg,train
cola_image_rgb_20260728_095013.jpg,train
cola_image_rgb_20260728_093558.jpg,train
cola_image_rgb_20260728_095309.jpg,train
cola_image_rgb_20260727_152550.jpg,train
cola_image_rgb_20260727_164112.jpg,train
cola_image_rgb_20260727_162821.jpg,train
cola_image_rgb_20260728_093355.jpg,train
cola_image_rgb_20260727_164006.jpg,train
cola_image_rgb_20260727_152846.jpg,train
cola_image_rgb_20260727_152932.jpg,train
cola_image_rgb_20260727_163453.jpg,train
cola_image_rgb_20260727_162437.jpg,train
cola_image_rgb_20260728_094842.jpg,train
cola_image_rgb_20260728_095450.jpg,train
cola_image_rgb_20260727_163138.jpg,train
cola_image_rgb_20260728_095054.jpg,train
cola_image_rgb_20260728_094812.jpg,train
cola_image_rgb_20260728_094526.jpg,train
cola_image_rgb_20260727_152700.jpg,train
cola_image_rgb_20260727_152747.jpg,train
cola_image_rgb_20260728_090012.jpg,train
football_image_rgb_20260727_095658.jpg,val
football_image_rgb_20260727_101029.jpg,val
football_image_rgb_20260727_104607.jpg,val
football_image_rgb_20260727_115321.jpg,val
football_image_rgb_20260727_102722.jpg,val
football_image_rgb_20260727_120143.jpg,val
football_image_rgb_20260727_102559.jpg,val
football_image_rgb_20260727_102754.jpg,val
football_image_rgb_20260727_102808.jpg,val
football_image_rgb_20260727_104025.jpg,val
football_image_rgb_20260727_115056.jpg,val
football_image_rgb_20260727_115848.jpg,val
football_image_rgb_20260727_101448.jpg,val
football_image_rgb_20260727_095603.jpg,val
football_image_rgb_20260727_101108.jpg,val
football_image_rgb_20260727_101015.jpg,val
football_image_rgb_20260727_102641.jpg,val
football_image_rgb_20260727_095317.jpg,val
football_image_rgb_20260727_115545.jpg,val
football_image_rgb_20260727_115142.jpg,val
football_image_rgb_20260727_115829.jpg,val
football_image_rgb_20260727_115223.jpg,val
football_image_rgb_20260727_102947.jpg,val
football_image_rgb_20260727_101037.jpg,val
football_image_rgb_20260727_115817.jpg,val
football_image_rgb_20260727_101157.jpg,val
football_image_rgb_20260727_104226.jpg,val
football_image_rgb_20260727_120057.jpg,val
football_image_rgb_20260727_102119.jpg,val
football_image_rgb_20260727_095721.jpg,val
football_image_rgb_20260727_103619.jpg,val
football_image_rgb_20260727_120016.jpg,val
football_image_rgb_20260727_102736.jpg,val
football_image_rgb_20260727_101829.jpg,val
football_image_rgb_20260727_094857.jpg,val
football_image_rgb_20260727_095512.jpg,val
football_image_rgb_20260727_115214.jpg,val
football_image_rgb_20260727_095635.jpg,val
football_image_rgb_20260727_095152.jpg,val
football_image_rgb_20260727_104249.jpg,val
football_image_rgb_20260727_104234.jpg,val
football_image_rgb_20260727_101347.jpg,val
football_image_rgb_20260727_104009.jpg,val
football_image_rgb_20260727_102247.jpg,val
football_image_rgb_20260727_120119.jpg,val
football_image_rgb_20260727_095106.jpg,val
football_image_rgb_20260727_115426.jpg,val
football_image_rgb_20260727_104554.jpg,val
football_image_rgb_20260727_115231.jpg,val
football_image_rgb_20260727_101435.jpg,val
football_image_rgb_20260727_101008.jpg,val
football_image_rgb_20260727_094528.jpg,val
football_image_rgb_20260727_104447.jpg,val
football_image_rgb_20260727_101425.jpg,val
football_image_rgb_20260727_095554.jpg,val
football_image_rgb_20260727_115947.jpg,val
football_image_rgb_20260727_094755.jpg,val
football_image_rgb_20260727_102439.jpg,val
football_image_rgb_20260727_095027.jpg,val
football_image_rgb_20260727_101353.jpg,val
football_image_rgb_20260727_102349.jpg,val
football_image_rgb_20260727_101520.jpg,val
football_image_rgb_20260727_102424.jpg,val
football_image_rgb_20260727_095007.jpg,val
football_image_rgb_20260727_094542.jpg,val
football_image_rgb_20260727_095415.jpg,val
football_image_rgb_20260727_102029.jpg,train
football_image_rgb_20260727_101904.jpg,train
football_image_rgb_20260727_101404.jpg,train
football_image_rgb_20260727_101501.jpg,train
football_image_rgb_20260727_115516.jpg,train
football_image_rgb_20260727_104548.jpg,train
football_image_rgb_20260727_095346.jpg,train
football_image_rgb_20260727_101321.jpg,train
football_image_rgb_20260727_095338.jpg,train
football_image_rgb_20260727_103844.jpg,train
football_image_rgb_20260727_102317.jpg,train
football_image_rgb_20260727_101609.jpg,train
football_image_rgb_20260727_095135.jpg,train
football_image_rgb_20260727_102923.jpg,train
football_image_rgb_20260727_115125.jpg,train
football_image_rgb_20260727_095448.jpg,train
football_image_rgb_20260727_101857.jpg,train
football_image_rgb_20260727_094957.jpg,train
football_image_rgb_20260727_104058.jpg,train
football_image_rgb_20260727_120127.jpg,train
football_image_rgb_20260727_115451.jpg,train
football_image_rgb_20260727_095328.jpg,train
football_image_rgb_20260727_095714.jpg,train
football_image_rgb_20260727_104155.jpg,train
football_image_rgb_20260727_103433.jpg,train
football_image_rgb_20260727_103507.jpg,train
football_image_rgb_20260727_102823.jpg,train
football_image_rgb_20260727_102205.jpg,train
football_image_rgb_20260727_095519.jpg,train
football_image_rgb_20260727_095821.jpg,train
football_image_rgb_20260727_101814.jpg,train
football_image_rgb_20260727_101617.jpg,train
football_image_rgb_20260727_095547.jpg,train
football_image_rgb_20260727_101022.jpg,train
football_image_rgb_20260727_115106.jpg,train
football_image_rgb_20260727_102239.jpg,train
football_image_rgb_20260727_115435.jpg,train
football_image_rgb_20260727_102016.jpg,train
football_image_rgb_20260727_104001.jpg,train
football_image_rgb_20260727_095225.jpg,train
football_image_rgb_20260727_095404.jpg,train
football_image_rgb_20260727_094921.jpg,train
football_image_rgb_20260727_101808.jpg,train
football_image_rgb_20260727_102815.jpg,train
football_image_rgb_20260727_115904.jpg,train
football_image_rgb_20260727_102126.jpg,train
football_image_rgb_20260727_101241.jpg,train
football_image_rgb_20260727_104404.jpg,train
football_image_rgb_20260727_095729.jpg,train
football_image_rgb_20260727_115033.jpg,train
football_image_rgb_20260727_115754.jpg,train
football_image_rgb_20260727_115745.jpg,train
football_image_rgb_20260727_102416.jpg,train
football_image_rgb_20260727_102006.jpg,train
football_image_rgb_20260727_095626.jpg,train
football_image_rgb_20260727_120008.jpg,train
football_image_rgb_20260727_102711.jpg,train
football_image_rgb_20260727_102514.jpg,train
football_image_rgb_20260727_095144.jpg,train
football_image_rgb_20260727_103952.jpg,train
football_image_rgb_20260727_101836.jpg,train
football_image_rgb_20260727_094558.jpg,train
football_image_rgb_20260727_115617.jpg,train
football_image_rgb_20260727_120002.jpg,train
football_image_rgb_20260727_120034.jpg,train
football_image_rgb_20260727_104539.jpg,train
football_image_rgb_20260727_101234.jpg,train
football_image_rgb_20260727_104516.jpg,train
football_image_rgb_20260727_101746.jpg,train
football_image_rgb_20260727_095538.jpg,train
football_image_rgb_20260727_115156.jpg,train
football_image_rgb_20260727_115841.jpg,train
football_image_rgb_20260727_120134.jpg,train
football_image_rgb_20260727_104455.jpg,train
football_image_rgb_20260727_115346.jpg,train
football_image_rgb_20260727_115603.jpg,train
football_image_rgb_20260727_115721.jpg,train
football_image_rgb_20260727_101627.jpg,train
football_image_rgb_20260727_115932.jpg,train
football_image_rgb_20260727_095125.jpg,train
football_image_rgb_20260727_102654.jpg,train
football_image_rgb_20260727_101129.jpg,train
football_image_rgb_20260727_095830.jpg,train
football_image_rgb_20260727_102233.jpg,train
football_image_rgb_20260727_103606.jpg,train
football_image_rgb_20260727_101733.jpg,train
football_image_rgb_20260727_101919.jpg,train
football_image_rgb_20260727_104614.jpg,train
football_image_rgb_20260727_101849.jpg,train
football_image_rgb_20260727_095530.jpg,train
football_image_rgb_20260727_101555.jpg,train
football_image_rgb_20260727_103917.jpg,train
football_image_rgb_20260727_101642.jpg,train
football_image_rgb_20260727_101253.jpg,train
football_image_rgb_20260727_101547.jpg,train
football_image_rgb_20260727_103531.jpg,train
football_image_rgb_20260727_101755.jpg,train
football_image_rgb_20260727_104349.jpg,train
football_image_rgb_20260727_115334.jpg,train
football_image_rgb_20260727_101210.jpg,train
football_image_rgb_20260727_102356.jpg,train
football_image_rgb_20260727_101822.jpg,train
football_image_rgb_20260727_115955.jpg,train
football_image_rgb_20260727_103518.jpg,train
football_image_rgb_20260727_115508.jpg,train
football_image_rgb_20260727_115539.jpg,train
football_image_rgb_20260727_101910.jpg,train
football_image_rgb_20260727_101217.jpg,train
football_image_rgb_20260727_104427.jpg,train
football_image_rgb_20260727_103635.jpg,train
football_image_rgb_20260727_095244.jpg,train
football_image_rgb_20260727_102156.jpg,train
football_image_rgb_20260727_102534.jpg,train
football_image_rgb_20260727_115610.jpg,train
football_image_rgb_20260727_102610.jpg,train
football_image_rgb_20260727_095158.jpg,train
football_image_rgb_20260727_095742.jpg,train
football_image_rgb_20260727_102307.jpg,train
football_image_rgb_20260727_102551.jpg,train
football_image_rgb_20260727_102135.jpg,train
football_image_rgb_20260727_095037.jpg,train
football_image_rgb_20260727_095611.jpg,train
football_image_rgb_20260727_103017.jpg,train
football_image_rgb_20260727_101412.jpg,train
football_image_rgb_20260727_101332.jpg,train
football_image_rgb_20260727_102503.jpg,train
football_image_rgb_20260727_102049.jpg,train
football_image_rgb_20260727_102938.jpg,train
football_image_rgb_20260727_094733.jpg,train
football_image_rgb_20260727_102058.jpg,train
football_image_rgb_20260727_095207.jpg,train
football_image_rgb_20260727_101059.jpg,train
football_image_rgb_20260727_115623.jpg,train
football_image_rgb_20260727_104356.jpg,train
football_image_rgb_20260727_102702.jpg,train
football_image_rgb_20260727_104242.jpg,train
football_image_rgb_20260727_103450.jpg,train
football_image_rgb_20260727_102224.jpg,train
football_image_rgb_20260727_104638.jpg,train
football_image_rgb_20260727_101309.jpg,train
football_image_rgb_20260727_115555.jpg,train
football_image_rgb_20260727_115049.jpg,train
football_image_rgb_20260727_102619.jpg,train
football_image_rgb_20260727_101657.jpg,train
football_image_rgb_20260727_095652.jpg,train
football_image_rgb_20260727_102023.jpg,train
football_image_rgb_20260727_095237.jpg,train
football_image_rgb_20260727_115644.jpg,train
football_image_rgb_20260727_101718.jpg,train
football_image_rgb_20260727_115533.jpg,train
football_image_rgb_20260727_095736.jpg,train
football_image_rgb_20260727_115728.jpg,train
football_image_rgb_20260727_102300.jpg,train
football_image_rgb_20260727_094723.jpg,train
football_image_rgb_20260727_115501.jpg,train
football_image_rgb_20260727_095619.jpg,train
football_image_rgb_20260727_095750.jpg,train
football_image_rgb_20260727_094744.jpg,train
football_image_rgb_20260727_102859.jpg,train
football_image_rgb_20260727_115403.jpg,train
football_image_rgb_20260727_104117.jpg,train
football_image_rgb_20260727_115134.jpg,train
football_image_rgb_20260727_095018.jpg,train
football_image_rgb_20260727_102405.jpg,train
football_image_rgb_20260727_095706.jpg,train
football_image_rgb_20260727_101226.jpg,train
football_image_rgb_20260727_115023.jpg,train
football_image_rgb_20260727_101930.jpg,train
football_image_rgb_20260727_102830.jpg,train
football_image_rgb_20260727_094713.jpg,train
football_image_rgb_20260727_115714.jpg,train
football_image_rgb_20260727_095049.jpg,train
football_image_rgb_20260727_103653.jpg,train
football_image_rgb_20260727_095759.jpg,train
football_image_rgb_20260727_101510.jpg,train
football_image_rgb_20260727_115444.jpg,train
football_image_rgb_20260727_102842.jpg,train
football_image_rgb_20260727_100957.jpg,train
football_image_rgb_20260727_104529.jpg,train
football_image_rgb_20260727_115737.jpg,train
football_image_rgb_20260727_115355.jpg,train
football_image_rgb_20260727_101204.jpg,train
football_image_rgb_20260727_104523.jpg,train
football_image_rgb_20260727_101633.jpg,train
football_image_rgb_20260727_095642.jpg,train
football_image_rgb_20260727_101136.jpg,train
football_image_rgb_20260727_101340.jpg,train
football_image_rgb_20260727_095814.jpg,train
football_image_rgb_20260727_094928.jpg,train
football_image_rgb_20260727_101302.jpg,train
football_image_rgb_20260727_104257.jpg,train
football_image_rgb_20260727_095838.jpg,train
football_image_rgb_20260727_103944.jpg,train
football_image_rgb_20260727_095503.jpg,train
football_image_rgb_20260727_115042.jpg,train
football_image_rgb_20260727_103417.jpg,train
football_image_rgb_20260727_094937.jpg,train
football_image_rgb_20260727_095807.jpg,train
football_image_rgb_20260727_104339.jpg,train
football_image_rgb_20260727_101150.jpg,train
football_image_rgb_20260727_103550.jpg,train
football_image_rgb_20260727_102454.jpg,train
football_image_rgb_20260727_115308.jpg,train
football_image_rgb_20260727_094949.jpg,train
football_image_rgb_20260727_120026.jpg,train
football_image_rgb_20260727_104017.jpg,train
football_image_rgb_20260727_115701.jpg,train
football_image_rgb_20260727_115631.jpg,train
football_image_rgb_20260727_104508.jpg,train
football_image_rgb_20260727_101602.jpg,train
football_image_rgb_20260727_115240.jpg,train
football_image_rgb_20260727_103704.jpg,train
football_image_rgb_20260727_115410.jpg,train
football_image_rgb_20260727_102144.jpg,train
football_image_rgb_20260727_102627.jpg,train
football_image_rgb_20260727_094657.jpg,train
football_image_rgb_20260727_104418.jpg,train
football_image_rgb_20260727_102911.jpg,train
football_image_rgb_20260727_094908.jpg,train
football_image_rgb_20260727_102954.jpg,train
football_image_rgb_20260727_103751.jpg,train
football_image_rgb_20260727_101455.jpg,train
football_image_rgb_20260727_095253.jpg,train
football_image_rgb_20260727_115525.jpg,train
football_image_rgb_20260727_104330.jpg,train
football_image_rgb_20260727_115252.jpg,train
football_image_rgb_20260727_102431.jpg,train
football_image_rgb_20260727_103558.jpg,train
football_image_rgb_20260727_103645.jpg,train
football_image_rgb_20260727_095306.jpg,train
football_image_rgb_20260727_101529.jpg,train
football_image_rgb_20260727_101053.jpg,train
football_image_rgb_20260727_102931.jpg,train
football_image_rgb_20260727_101648.jpg,train
football_image_rgb_20260727_101045.jpg,train
football_image_rgb_20260727_095846.jpg,train
football_image_rgb_20260727_095457.jpg,train
football_image_rgb_20260727_115246.jpg,train
football_image_rgb_20260727_102341.jpg,train
football_image_rgb_20260727_102446.jpg,train
football_image_rgb_20260727_101943.jpg,train
football_image_rgb_20260727_101705.jpg,train
football_image_rgb_20260727_102040.jpg,train
football_image_rgb_20260727_095440.jpg,train
football_image_rgb_20260727_104034.jpg,train
football_image_rgb_20260727_101949.jpg,train
football_image_rgb_20260727_101727.jpg,train
football_image_rgb_20260727_104501.jpg,train
football_image_rgb_20260727_115115.jpg,train
football_image_rgb_20260727_101957.jpg,train
football_image_rgb_20260727_101803.jpg,train
football_image_rgb_20260727_101843.jpg,train
football_image_rgb_20260727_104140.jpg,train
football_image_rgb_20260727_104411.jpg,train
football_image_rgb_20260727_101120.jpg,train
football_image_rgb_20260727_104109.jpg,train
football_image_rgb_20260727_115328.jpg,train
football_image_rgb_20260727_103929.jpg,train
football_image_rgb_20260727_104624.jpg,train
football_image_rgb_20260727_115805.jpg,train
football_image_rgb_20260727_104048.jpg,train
football_image_rgb_20260727_102334.jpg,train
football_image_rgb_20260727_115638.jpg,train
football_image_rgb_20260727_115419.jpg,train
football_image_rgb_20260727_115205.jpg,train
football_image_rgb_20260727_104322.jpg,train